,portfolio_vol
2016-12-28,0.004233007433589924
2016-12-29,0.00438400012035426
2016-12-30,0.004267334872607022
2017-01-03,0.004406880995810441
2017-01-04,0.004525476819830844
2017-01-05,0.00446364647945369
2017-01-06,0.004418504802797801
2017-01-09,0.004557914997812415
2017-01-10,0.004524157940488951
2017-01-11,0.004369057374356906
2017-01-12,0.0043107628819808235
2017-01-13,0.00424056430740714
2017-01-17,0.00414927894350977
2017-01-18,0.004197183705079563
2017-01-19,0.0041123035987699515
2017-01-20,0.004028092590530631
2017-01-23,0.00396951890297865
2017-01-24,0.0038767377616517394
2017-01-25,0.00392724756790954
2017-01-26,0.004478948800289878
2017-01-27,0.004238067304743714
2017-01-30,0.004088581146052639
2017-01-31,0.004143205665595865
2017-02-01,0.004027649448554663
2017-02-02,0.006623564396591137
2017-02-03,0.0060792870010188925
2017-02-06,0.00579218549313912
2017-02-07,0.005510843915924441
2017-02-08,0.005286656246320303
2017-02-09,0.005053516973498333
2017-02-10,0.004969942212449685
2017-02-13,0.004834059535532061
2017-02-14,0.004791648734330414
2017-02-15,0.00478168843610019
2017-02-16,0.004705210478832869
2017-02-17,0.004520371650655588
2017-02-21,0.004403064503363221
2017-02-22,0.00440520028020137
2017-02-23,0.004239114085486622
2017-02-24,0.004142676241431333
2017-02-27,0.0040400975835680015
2017-02-28,0.003957289255176296
2017-03-01,0.0038774967865636105
2017-03-02,0.004801465194974677
2017-03-03,0.004741424513269697
2017-03-06,0.004557551998006477
2017-03-07,0.004411370264598485
2017-03-08,0.0042753338022050455
2017-03-09,0.004161608713274551
2017-03-10,0.00406140969758078
2017-03-13,0.004012815701817484
2017-03-14,0.003897648402743669
2017-03-15,0.003811455332919218
2017-03-16,0.004172916853608944
2017-03-17,0.004038390417594146
2017-03-20,0.0039458929431949044
2017-03-21,0.0039749327843451605
2017-03-22,0.0047094734357003435
2017-03-23,0.004712993439327391
2017-03-24,0.004515937071460631
2017-03-27,0.004277470209313201
2017-03-28,0.00413687031687653
2017-03-29,0.004606192375175277
2017-03-30,0.00443280190513151
2017-03-31,0.0042865892999639265
2017-04-03,0.004149098210279102
2017-04-04,0.0040263536593063394
2017-04-05,0.00398387780731628
2017-04-06,0.003936442201007907
2017-04-07,0.0038396464890296327
2017-04-10,0.0037316685011646662
2017-04-11,0.003621949680365304
2017-04-12,0.003764286278653629
2017-04-13,0.0037530375083524143
2017-04-17,0.0038093024687320684
2017-04-18,0.00401326863470919
2017-04-19,0.0039166367031948516
2017-04-20,0.0038252970448710076
2017-04-21,0.004142026993415875
2017-04-24,0.003988028839804783
2017-04-25,0.0044054668454012545
2017-04-26,0.004450669008119006
2017-04-27,0.0043166224169867975
2017-04-28,0.004200339565120975
2017-05-01,0.004052190844302855
2017-05-02,0.004524752905244069
2017-05-03,0.004369644384279904
2017-05-04,0.0042558106129654645
2017-05-05,0.004139648832378714
2017-05-08,0.004339810719450496
2017-05-09,0.004834105490509304
2017-05-10,0.004657347561534847
2017-05-11,0.004453853061740813
2017-05-12,0.0043471982427391136
2017-05-15,0.004367056660209628
2017-05-16,0.004288019196113914
2017-05-17,0.004164495060958994
2017-05-18,0.006433263595714284
2017-05-19,0.006276513043575621
2017-05-22,0.005957358281657389
2017-05-23,0.005758291913789683
2017-05-24,0.00543676751122857
2017-05-25,0.004676291573107131
2017-05-26,0.00463350549075453
2017-05-30,0.004478628211142471
2017-05-31,0.0043376368451738334
2017-06-01,0.004213346642069016
2017-06-02,0.004432895873936577
2017-06-05,0.004386447275735968
2017-06-06,0.004273335540630148
2017-06-07,0.004208370724394375
2017-06-08,0.00412805904819258
2017-06-09,0.004031499882502023
2017-06-12,0.0061033525173181
2017-06-13,0.006258255409697609
2017-06-14,0.006048752602295606
2017-06-15,0.005798697245596309
2017-06-16,0.005545876981793328
2017-06-19,0.004792971028099328
2017-06-20,0.006211262392451148
2017-06-21,0.006062919120678909
2017-06-22,0.005843158427447088
2017-06-23,0.005705488606027056
2017-06-26,0.005495480136090297
2017-06-27,0.005292589395493551
2017-06-28,0.005493941711925937
2017-06-29,0.005731705947211455
2017-06-30,0.00605728361523772
2017-07-03,0.005798301626196292
2017-07-05,0.005721147281199073
2017-07-06,0.005606732065629533
2017-07-07,0.005671954456014663
2017-07-10,0.005684467573969238
2017-07-11,0.005521660305628721
2017-07-12,0.005326588255879872
2017-07-13,0.005365327951588871
2017-07-14,0.0052752663196640095
2017-07-17,0.005240436259901109
2017-07-18,0.005064422140111597
2017-07-19,0.0049802007895884595
2017-07-20,0.004917198129117876
2017-07-21,0.004751200284471734
2017-07-24,0.004588967645032372
2017-07-25,0.004619062662574796
2017-07-26,0.004474683922481829
2017-07-27,0.004379727447563877
2017-07-28,0.004455561011405724
2017-07-31,0.004566430656856929
2017-08-01,0.0044538392306489455
2017-08-02,0.004405532406478131
2017-08-03,0.004657372647570445
2017-08-04,0.004635898621394133
2017-08-07,0.004563351119027479
2017-08-08,0.0046209024820304916
2017-08-09,0.004557663574926632
2017-08-10,0.004501685891836971
2017-08-11,0.006684646481407367
2017-08-14,0.005778414433724272
2017-08-15,0.0066364681404682
2017-08-16,0.006298041926403636
2017-08-17,0.005589942147396124
2017-08-18,0.006855371324392136
2017-08-21,0.006418063539938355
2017-08-22,0.005863511321019567
2017-08-23,0.006340834347893812
2017-08-24,0.005893768187308693
2017-08-25,0.00566616890671146
2017-08-28,0.005456731288081658
2017-08-29,0.005324011484494814
2017-08-30,0.005180173201850265
2017-08-31,0.005231116665612247
2017-09-01,0.00530677099387057
2017-09-05,0.00512137770992583
2017-09-06,0.005211321228727119
2017-09-07,0.005046345476103313
2017-09-08,0.004822091909931421
2017-09-11,0.004833138085780448
2017-09-12,0.005212059917241508
2017-09-13,0.00505745560436345
2017-09-14,0.00491501879925806
2017-09-15,0.004821698260247489
2017-09-18,0.004717360404899619
2017-09-19,0.004626938810331388
2017-09-20,0.004490107624241997
2017-09-21,0.004465685478662565
2017-09-22,0.004525992712039781
2017-09-25,0.004441619069881878
2017-09-26,0.004549769917336646
2017-09-27,0.004528787603875538
2017-09-28,0.00459654900402208
2017-09-29,0.004634872550918295
2017-10-02,0.004586771961197115
2017-10-03,0.004422839198391398
2017-10-04,0.004332944273326002
2017-10-05,0.0042415484959957206
2017-10-06,0.004419884839803636
2017-10-09,0.004304272797406071
2017-10-10,0.004211175040733662
2017-10-11,0.004125417238043703
2017-10-12,0.00405506600938691
2017-10-13,0.003973280998061738
2017-10-16,0.003944189758404124
2017-10-17,0.003981800506826789
2017-10-18,0.003908732370651147
2017-10-19,0.0038409862719858572
2017-10-20,0.003947824921931839
2017-10-23,0.004292594138268664
2017-10-24,0.004255410229102047
2017-10-25,0.004123413689953316
2017-10-26,0.004087048634275469
2017-10-27,0.004017333980072923
2017-10-30,0.006187227832695051
2017-10-31,0.006228962664882795
2017-11-01,0.006010067630661715
2017-11-02,0.005765121121164308
2017-11-03,0.005481285024595509
2017-11-06,0.0058643527345076316
2017-11-07,0.0056360259590709375
2017-11-08,0.005355409913744656
2017-11-09,0.005105197971275588
2017-11-10,0.004935091468424524
2017-11-13,0.004713407401213524
2017-11-14,0.004503615433564817
2017-11-15,0.004560441024507842
2017-11-16,0.004655052906861259
2017-11-17,0.004936828222500674
2017-11-20,0.00476526252842406
2017-11-21,0.004580652125172564
2017-11-22,0.004930494757568865
2017-11-24,0.004803605039403882
2017-11-27,0.004623250169769618
2017-11-28,0.004454389475163385
2017-11-29,0.004495573623985232
2017-11-30,0.00509971418809058
2017-12-01,0.005239576281074413
2017-12-04,0.005022764763435147
2017-12-05,0.004988465086903364
2017-12-06,0.004770555621240461
2017-12-07,0.0045985178132450745
2017-12-08,0.004519968993045434
2017-12-11,0.004404137985543604
2017-12-12,0.0046888397080599815
2017-12-13,0.004484899446583193
2017-12-14,0.004340285398063857
2017-12-15,0.004258801030801121
2017-12-18,0.004483820378962932
2017-12-19,0.004655662319603633
2017-12-20,0.0046505039540943385
2017-12-21,0.004456970980054855
2017-12-22,0.004305003783619992
2017-12-26,0.004150263264020743
2017-12-27,0.004626280471489412
2017-12-28,0.004430084959383267
2017-12-29,0.004267510054464284
2018-01-02,0.004296028172561888
2018-01-03,0.004924457604577882
2018-01-04,0.004877110512935854
2018-01-05,0.004725964637921668
2018-01-08,0.0048339833187233715
2018-01-09,0.004649651113858807
2018-01-10,0.004475099284424384
2018-01-11,0.0043124363885963584
2018-01-12,0.004363865907504856
2018-01-16,0.004482592038721722
2018-01-17,0.00435719155251431
2018-01-18,0.004746069738828826
2018-01-19,0.004545356275896589
2018-01-22,0.004428924222149503
2018-01-23,0.004576483697217407
2018-01-24,0.004493783764868525
2018-01-25,0.004599998566259354
2018-01-26,0.004681648322082233
2018-01-29,0.005002577363525996
2018-01-30,0.005249651151011099
2018-01-31,0.005349912079710731
2018-02-01,0.005109890970622337
2018-02-02,0.004966337824136167
2018-02-05,0.007390688624386516
2018-02-06,0.010553213884968616
2018-02-07,0.011531530942510882
2018-02-08,0.010993487583615496
2018-02-09,0.013055476818390959
2018-02-12,0.012342683424501684
2018-02-13,0.01256492763119166
2018-02-14,0.011545936520229083
2018-02-15,0.011201508018716045
2018-02-16,0.01131164456495254
2018-02-20,0.010373423028418849
2018-02-21,0.009585768776199616
2018-02-22,0.008865712690434784
2018-02-23,0.008182607626500863
2018-02-26,0.00858566871084869
2018-02-27,0.008571728460848037
2018-02-28,0.00832263000426261
2018-03-01,0.007860082872575563
2018-03-02,0.008113928096014694
2018-03-05,0.007664584562019942
2018-03-06,0.007427208905927854
2018-03-07,0.006931583880901968
2018-03-08,0.006549206695985407
2018-03-09,0.00631134283733365
2018-03-12,0.0071057604742294665
2018-03-13,0.006742608114655048
2018-03-14,0.00662390003811752
2018-03-15,0.006312458108225114
2018-03-16,0.005929114053303572
2018-03-19,0.00560148568710592
2018-03-20,0.0064431266171754145
2018-03-21,0.0060702637906206326
2018-03-22,0.0062363158936228034
2018-03-23,0.00763315341241829
2018-03-26,0.008732651630570642
2018-03-27,0.011417418458864511
2018-03-28,0.011923728368406225
2018-03-29,0.011067082448404606
2018-04-02,0.01058698975510076
2018-04-03,0.01082145351390759
2018-04-04,0.010258522478610147
2018-04-05,0.010002336514813344
2018-04-06,0.009328883765403894
2018-04-09,0.010168731142412797
2018-04-10,0.009484418715972725
2018-04-11,0.009670041555448355
2018-04-12,0.008982253463698998
2018-04-13,0.00856914555605626
2018-04-16,0.007959267492364612
2018-04-17,0.007564304712555508
2018-04-18,0.00779496533262349
2018-04-19,0.0072388811095714396
2018-04-20,0.00760617624121058
2018-04-23,0.008716399809116874
2018-04-24,0.008034708269130171
2018-04-25,0.008360594775889655
2018-04-26,0.007764355405753406
2018-04-27,0.007800314056014301
2018-04-30,0.007370862006224203
2018-05-01,0.007278954280737443
2018-05-02,0.007303021838508256
2018-05-03,0.008111374783810622
2018-05-04,0.007500657681195266
2018-05-07,0.00861328437361434
2018-05-08,0.008069207404972651
2018-05-09,0.007485888170807961
2018-05-10,0.007305148009248368
2018-05-11,0.0072407715007939645
2018-05-14,0.0067643276749810325
2018-05-15,0.006313080827466693
2018-05-16,0.006344850930958195
2018-05-17,0.006124401558038222
2018-05-18,0.005810691467292769
2018-05-21,0.005535667527975673
2018-05-22,0.005471196682130005
2018-05-23,0.005202666549300028
2018-05-24,0.005124204204235811
2018-05-25,0.004903279425218748
2018-05-29,0.004712778433892743
2018-05-30,0.004898398208612737
2018-05-31,0.00512310469839507
2018-06-01,0.004950829586273413
2018-06-04,0.005690656614050229
2018-06-05,0.005599926555824263
2018-06-06,0.005378366842219018
2018-06-07,0.005297371755314162
2018-06-08,0.005113778094738716
2018-06-11,0.004991895406194994
2018-06-12,0.0047774943847351025
2018-06-13,0.004661822899061209
2018-06-14,0.004582123885551708
2018-06-15,0.004577952647814614
2018-06-18,0.004622377749091452
2018-06-19,0.004457293162429563
2018-06-20,0.004681275667509957
2018-06-21,0.004596811099426711
2018-06-22,0.004691453466459679
2018-06-25,0.004523117139925913
2018-06-26,0.005784095803333117
2018-06-27,0.0056505472239600845
2018-06-28,0.00569795685564775
2018-06-29,0.005596225125746917
2018-07-02,0.0053009115756325635
2018-07-03,0.005252791605223518
2018-07-05,0.005517727748730906
2018-07-06,0.005637903105900648
2018-07-09,0.005959368034688693
2018-07-10,0.006070071524192927
2018-07-11,0.005707691365528971
2018-07-12,0.005730066294337919
2018-07-13,0.006192060087216431
2018-07-16,0.0058020426672634766
2018-07-17,0.0054709018749348115
2018-07-18,0.005278641510099017
2018-07-19,0.005059413920876896
2018-07-20,0.004956861171721574
2018-07-23,0.004743699854093116
2018-07-24,0.0045708650275187975
2018-07-25,0.0045571773052222155
2018-07-26,0.004963060810310951
2018-07-27,0.005068146655907543
2018-07-30,0.005506437422106112
2018-07-31,0.0055441051539628335
2018-08-01,0.005403088527183783
2018-08-02,0.007681152744600137
2018-08-03,0.00789573573387584
2018-08-06,0.0072829268010714664
2018-08-07,0.00680291320684361
2018-08-08,0.006403192713849874
2018-08-09,0.005969352858844209
2018-08-10,0.0056294169648610495
2018-08-13,0.005505445042131997
2018-08-14,0.005284537773579424
2018-08-15,0.005174509820667016
2018-08-16,0.005299498803372325
2018-08-17,0.005426162986677137
2018-08-20,0.005552119124175498
2018-08-21,0.00533235623461735
2018-08-22,0.005079155442469889
2018-08-23,0.004845250426490794
2018-08-24,0.00464646134958613
2018-08-27,0.004758456010300262
2018-08-28,0.004961468226081398
2018-08-29,0.004827044220142528
2018-08-30,0.005136802625268733
2018-08-31,0.005023779983544415
2018-09-04,0.00494177440419131
2018-09-05,0.004768111373894387
2018-09-06,0.004883338981846037
2018-09-07,0.005106922652949285
2018-09-10,0.004983794535795953
2018-09-11,0.004965465416230741
2018-09-12,0.005442012011478805
2018-09-13,0.005284028329171075
2018-09-14,0.005775240152478674
2018-09-17,0.005531020834408954
2018-09-18,0.006187373269212656
2018-09-19,0.0059198040061538655
2018-09-20,0.005527996349562328
2018-09-21,0.005605715728163269
2018-09-24,0.0054443682733874375
2018-09-25,0.005380026663075539
2018-09-26,0.005126301073585331
2018-09-27,0.004957150540719835
2018-09-28,0.005258045117352223
2018-10-01,0.004984865378549566
2018-10-02,0.004826819010856095
2018-10-03,0.004718672840985438
2018-10-04,0.004667787828284245
2018-10-05,0.005518543803858815
2018-10-08,0.0057484314479172025
2018-10-09,0.005477439635152287
2018-10-10,0.005387044354541187
2018-10-11,0.010408460686862834
2018-10-12,0.010239277613445962
2018-10-15,0.01097263727158338
2018-10-16,0.010421435889742939
2018-10-17,0.010968706034866502
2018-10-18,0.009995227888991
2018-10-19,0.010216047541865683
2018-10-22,0.009488833940610657
2018-10-23,0.00875604307860634
2018-10-24,0.008156001673652906
2018-10-25,0.01124822094524611
2018-10-26,0.011624805776287413
2018-10-29,0.011535510560125622
2018-10-30,0.011096492173809553
2018-10-31,0.010571906210134447
2018-11-01,0.010666238653298798
2018-11-02,0.010212958943610167
2018-11-05,0.012333829796193588
2018-11-06,0.011626209824480836
2018-11-07,0.010684967881249254
2018-11-08,0.011567196330484485
2018-11-09,0.010542343956961856
2018-11-12,0.010213880377527301
2018-11-13,0.012049952167284522
2018-11-14,0.011014628226229358
2018-11-15,0.010618266220466365
2018-11-16,0.010433031260261382
2018-11-19,0.009610003582118467
2018-11-20,0.011058130659649645
2018-11-21,0.0120835203763728
2018-11-23,0.01104708709782628
2018-11-26,0.010555154668350521
2018-11-27,0.010504433889435462
2018-11-28,0.00960634423650396
2018-11-29,0.01117305026258741
2018-11-30,0.010265358559627224
2018-12-03,0.009504985831086738
2018-12-04,0.010040412540298206
2018-12-06,0.012653702502412944
2018-12-07,0.011655683753271077
2018-12-10,0.012707451641112852
2018-12-11,0.011716783189829097
2018-12-12,0.010760247819655448
2018-12-13,0.009953045123251254
2018-12-14,0.00922666924650802
2018-12-17,0.010194421645410257
2018-12-18,0.010259611862907136
2018-12-19,0.009587141509280615
2018-12-20,0.010270412668212797
2018-12-21,0.010353204482799609
2018-12-24,0.01165640122883432
2018-12-26,0.012225514949749577
2018-12-27,0.017374192154349818
2018-12-28,0.01587886792853923
2018-12-31,0.014515069017745847
2019-01-02,0.013440084543902019
2019-01-03,0.012345966344289118
2019-01-04,0.01696691544285302
2019-01-07,0.017859881818498288
2019-01-08,0.016416316281615936
2019-01-09,0.015274534479686325
2019-01-10,0.014165358895733858
2019-01-11,0.012987724533194925
2019-01-14,0.011914617825674802
2019-01-15,0.011118590624475523
2019-01-16,0.010890154993826945
2019-01-17,0.010044836759679309
2019-01-18,0.009325560520093127
2019-01-22,0.00890280754000521
2019-01-23,0.009253091404799857
2019-01-24,0.008491452143462877
2019-01-25,0.007876806461500548
2019-01-28,0.008441517712095673
2019-01-29,0.00808740891486379
2019-01-30,0.007614710586487485
2019-01-31,0.010630860664298138
2019-02-01,0.010104526524474333
2019-02-04,0.009281572482538837
2019-02-05,0.00923514057271066
2019-02-06,0.008807403081021722
2019-02-07,0.008140875896341925
2019-02-08,0.008134350946256606
2019-02-11,0.007540535893153504
2019-02-12,0.0069913414919757985
2019-02-13,0.007129837358344332
2019-02-14,0.0066362439371769515
2019-02-15,0.006173286272736972
2019-02-19,0.006008699990868524
2019-02-20,0.005624142280565463
2019-02-21,0.005309675437672503
2019-02-22,0.005091745738489603
2019-02-25,0.005134586086895892
2019-02-26,0.004926561680222613
2019-02-27,0.004653693958426176
2019-02-28,0.004442007908024666
2019-03-01,0.004393542469997468
2019-03-04,0.004563958166670619
2019-03-05,0.004421094574237201
2019-03-06,0.004229221370730232
2019-03-07,0.0042719389852314835
2019-03-08,0.004727172425630825
2019-03-11,0.004531950160819467
2019-03-12,0.006609499734390564
2019-03-13,0.006317097632582768
2019-03-14,0.0060587425822075085
2019-03-15,0.005781262596851373
2019-03-18,0.005761454652130752
2019-03-19,0.005532085491968041
2019-03-20,0.0052767308612560425
2019-03-21,0.005121408114995899
2019-03-22,0.006671778426140103
2019-03-25,0.007825898630309577
2019-03-26,0.007300246111916728
2019-03-27,0.006943526935181128
2019-03-28,0.00659567444057097
2019-03-29,0.006167904484169552
2019-04-01,0.005964129501259483
2019-04-02,0.00611103623747616
2019-04-03,0.0059512076441924095
2019-04-04,0.005669324989638084
2019-04-05,0.005361732314901421
2019-04-08,0.005195199090096605
2019-04-09,0.005192245868823926
2019-04-10,0.005002028045130176
2019-04-11,0.004860075283883348
2019-04-12,0.004736872838326515
2019-04-15,0.004651617487356521
2019-04-16,0.004437299700414596
2019-04-17,0.004283397675586946
2019-04-18,0.004596647956109734
2019-04-22,0.0043792371349714535
2019-04-23,0.004219680161701907
2019-04-24,0.004812834036427052
2019-04-25,0.004605275904003054
2019-04-26,0.004513185175390314
2019-04-29,0.004402599714456961
2019-04-30,0.004239274456112865
2019-05-01,0.004633650043174386
2019-05-02,0.006524548629067836
2019-05-03,0.006095432530266456
2019-05-06,0.006427950913874476
2019-05-07,0.006245218180037203
2019-05-08,0.007478021563793099
2019-05-09,0.006890293533175042
2019-05-10,0.006505968290926719
2019-05-13,0.006250244987494984
2019-05-14,0.01057496109447502
2019-05-15,0.009973978842649967
2019-05-16,0.009418623826942217
2019-05-17,0.008833800377636888
2019-05-20,0.00829052557439173
2019-05-21,0.00868034492457966
2019-05-22,0.008455729438327215
2019-05-23,0.008081497526174914
2019-05-24,0.008137428888787462
2019-05-28,0.00749884225647043
2019-05-29,0.007076862168912077
2019-05-30,0.00673099496881023
2019-05-31,0.006283825910276785
2019-06-03,0.006819304719738366
2019-06-04,0.006956288082022269
2019-06-05,0.008913582660857062
2019-06-06,0.00855167182384609
2019-06-07,0.00815349094158319
2019-06-10,0.008545851615203751
2019-06-11,0.008132995881053175
2019-06-12,0.007594022965610983
2019-06-13,0.0070702060372700186
2019-06-14,0.0066084820728509845
2019-06-17,0.006210389009693533
2019-06-18,0.005853530467739437
2019-06-19,0.006498929442718748
2019-06-20,0.006093353288595177
2019-06-21,0.006087691048415248
2019-06-24,0.0057188119449846486
2019-06-25,0.005378872184682207
2019-06-26,0.005923946833826522
2019-06-27,0.006024538897128217
2019-06-28,0.005685641345685029
2019-07-01,0.005483442952882835
2019-07-02,0.005912913845309864
2019-07-03,0.005666187162537411
2019-07-05,0.005609121135697402
2019-07-08,0.005320637062743439
2019-07-09,0.0056024725762488375
2019-07-10,0.005354361447686881
2019-07-11,0.005371196957103361
2019-07-12,0.005160374706445128
2019-07-15,0.00506194515444439
2019-07-16,0.004921940381451099
2019-07-17,0.004781954253348547
2019-07-18,0.004786368653142505
2019-07-19,0.004775986245374697
2019-07-22,0.005004567370342019
2019-07-23,0.005354133492499868
2019-07-24,0.005307373758294182
2019-07-25,0.005158131103282461
2019-07-26,0.005162709903865482
2019-07-29,0.005176252632427672
2019-07-30,0.005032681140733523
2019-07-31,0.004853937579340898
2019-08-01,0.005628364331290263
2019-08-02,0.005970358679684162
2019-08-05,0.006402324038411425
2019-08-06,0.010589311078393027
2019-08-07,0.01029679439709437
2019-08-08,0.009498040316970983
2019-08-09,0.009913584887047003
2019-08-12,0.009260504249749871
2019-08-13,0.008806679001554046
2019-08-14,0.009985945842613279
2019-08-15,0.0114075698855943
2019-08-16,0.010413711901153939
2019-08-19,0.010303754288681228
2019-08-20,0.00995589774196015
2019-08-21,0.00921783871855012
2019-08-22,0.008685141942681747
2019-08-23,0.007988583174153505
2019-08-26,0.010581759356216712
2019-08-27,0.010200907894777535
2019-08-28,0.009422099903105635
2019-08-29,0.008735648472040277
2019-08-30,0.008645494642300754
2019-09-03,0.007957600810712855
2019-09-04,0.007651630614783344
2019-09-05,0.0077031360015699735
2019-09-06,0.007959006997143045
2019-09-09,0.007346944895596059
2019-09-10,0.006833457215718757
2019-09-11,0.006502242773186921
2019-09-12,0.007042430185580176
2019-09-13,0.006581761172426864
2019-09-16,0.006474314342461625
2019-09-17,0.0061209611089978735
2019-09-18,0.005792413540915311
2019-09-19,0.005517543703266963
2019-09-20,0.005257685817484003
2019-09-23,0.005409777717979145
2019-09-24,0.005139209363939177
2019-09-25,0.005318665924792125
2019-09-26,0.005531749361137606
2019-09-27,0.005292799337759646
2019-09-30,0.005319426481365042
2019-10-01,0.005701466569041216
2019-10-02,0.005770358768893672
2019-10-03,0.006885171311493341
2019-10-04,0.006697257075898217
2019-10-07,0.007365120007762622
2019-10-08,0.006850949155607799
2019-10-09,0.007111163416793679
2019-10-10,0.006900527536153581
2019-10-11,0.006709306338872594
2019-10-14,0.00712717631439067
2019-10-15,0.006602557112860407
2019-10-16,0.0064939437032126715
2019-10-17,0.006073630745942386
2019-10-18,0.005710695001593245
2019-10-21,0.005544045889569138
2019-10-22,0.005680513003234953
2019-10-23,0.005446917198186877
2019-10-24,0.005321618627948215
2019-10-25,0.005169505243088024
2019-10-28,0.005164554973503978
2019-10-29,0.005180883219638339
2019-10-30,0.005468634081098755
2019-10-31,0.0052288135551640256
2019-11-01,0.005388383005212016
2019-11-04,0.005975654229713763
2019-11-05,0.005709276121736939
2019-11-06,0.005395075014068894
2019-11-07,0.005088888954021037
2019-11-08,0.005014681765992821
2019-11-11,0.004811367718002102
2019-11-12,0.004630993110680408
2019-11-13,0.004458508877707642
2019-11-14,0.004371590139312694
2019-11-15,0.004258040139975605
2019-11-18,0.00447854804033965
2019-11-19,0.00430677318773609
2019-11-20,0.004140962724633924
2019-11-21,0.0042370011441055545
2019-11-22,0.0041220532433058395
2019-11-25,0.003997871047759595
2019-11-26,0.004584521103155267
2019-11-27,0.004441523676763656
2019-11-29,0.004551178973193314
2019-12-02,0.004424987118390243
2019-12-03,0.004719868468583053
2019-12-04,0.005012969719186908
2019-12-05,0.004937444331922826
2019-12-06,0.004864903344840281
2019-12-09,0.005295247127986014
2019-12-10,0.0051944306599707194
2019-12-11,0.0049214322606079925
2019-12-12,0.004796436061179979
2019-12-13,0.004814547833127124
2019-12-16,0.004766368517065612
2019-12-17,0.005040933026327649
2019-12-18,0.004763936404809122
2019-12-19,0.004537063716519163
2019-12-20,0.004405285163511588
2019-12-23,0.004301944094725095
2019-12-24,0.004377333934592142
2019-12-26,0.004200064658673533
2019-12-27,0.004608540140605783
2019-12-30,0.004382694444256467
2019-12-31,0.004383358283741476
2020-01-02,0.0042863378733973756
2020-01-03,0.005272328076234549
2020-01-06,0.0053130938862349306
2020-01-07,0.005159920166575669
2020-01-08,0.004911950633981471
2020-01-09,0.005030095058396753
2020-01-10,0.0053395847505819365
2020-01-13,0.005053831159491854
2020-01-14,0.005441239077941923
2020-01-15,0.005281837877552608
2020-01-16,0.005003666778636515
2020-01-17,0.005171770696258842
2020-01-21,0.005037311402184068
2020-01-22,0.004809934629777418
2020-01-23,0.0045920225114027425
2020-01-24,0.004410868908918965
2020-01-27,0.0045476741950483245
2020-01-28,0.0062222690369361025
2020-01-29,0.006794213712616417
2020-01-30,0.00657222749576761
2020-01-31,0.006107689323333347
2020-02-03,0.007914191709089982
2020-02-04,0.007576047021439377
2020-02-05,0.008475348799811407
2020-02-06,0.007970256853938248
2020-02-07,0.007479314375899612
2020-02-10,0.0070418128490578515
2020-02-11,0.006761022998667034
2020-02-12,0.00626845221955741
2020-02-13,0.006404074816506538
2020-02-14,0.005966328724532457
2020-02-18,0.005553897433465233
2020-02-19,0.005459204160625918
2020-02-20,0.005434878273350858
2020-02-21,0.005317145468312983
2020-02-24,0.006092533315857956
2020-02-25,0.01025859745288347
2020-02-26,0.011645515465980616
2020-02-27,0.010669891861381453
2020-02-28,0.015674636477511675
2020-03-02,0.014017486025355337
2020-03-03,0.018772704947860517
2020-03-04,0.01828848811060803
2020-03-05,0.01923396740546973
2020-03-06,0.018756092329981953
2020-03-09,0.017008460999876768
2020-03-10,0.02385331662666978
2020-03-11,0.024779873532627537
2020-03-12,0.02463088321718967
2020-03-13,0.0331706647286658
2020-03-16,0.03706671392769897
2020-03-17,0.04532862558484317
2020-03-18,0.04210500056019793
2020-03-19,0.03877898452625374
2020-03-20,0.03447804678290503
2020-03-23,0.03252655274356503
2020-03-24,0.029234195106053622
2020-03-25,0.03366381739926669
2020-03-26,0.03009048159869608
2020-03-27,0.0299407162351156
2020-03-30,0.028006371199573898
2020-03-31,0.02615408745618784
2020-04-01,0.02351937383046389
2020-04-02,0.02398319564215608
2020-04-03,0.0219969792571121
2020-04-06,0.019904034107372053
2020-04-07,0.025237707276489153
2020-04-08,0.022650735848817893
2020-04-09,0.021343284753040058
2020-04-13,0.01932958615566196
2020-04-14,0.017612347406609122
2020-04-15,0.018614696824489612
2020-04-16,0.017119811348981228
2020-04-17,0.01560729475094141
2020-04-20,0.014809826492180203
2020-04-21,0.01396084888018882
2020-04-22,0.014990604852926928
2020-04-23,0.01500027961764
2020-04-24,0.013585321716281
2020-04-27,0.013203144205901417
2020-04-28,0.012132059379959863
2020-04-29,0.011503312154723723
2020-04-30,0.012866944979189008
2020-05-01,0.0120574807158598
2020-05-04,0.012537067151243277
2020-05-05,0.011636826563380095
2020-05-06,0.010944445565439474
2020-05-07,0.010095192258706668
2020-05-08,0.00965840844174246
2020-05-11,0.009808562064126117
2020-05-12,0.00921891315153793
2020-05-13,0.009561576500225407
2020-05-14,0.00945113281286649
2020-05-15,0.008997051450357896
2020-05-18,0.008350160816178311
2020-05-19,0.009582003473537538
2020-05-20,0.008926479425334255
2020-05-21,0.009278524990077277
2020-05-22,0.008776153760497373
2020-05-26,0.008107669085632839
2020-05-27,0.007749502516411051
2020-05-28,0.007516171582382093
2020-05-29,0.006952466432218496
2020-06-01,0.00679755849385934
2020-06-02,0.006523259671673372
2020-06-03,0.006300143259946906
2020-06-04,0.006330418974928588
2020-06-05,0.00609005736887238
2020-06-08,0.008111239701493357
2020-06-09,0.007802728388009591
2020-06-10,0.008165558021237288
2020-06-11,0.00826105071493316
2020-06-12,0.015051662427694306
2020-06-15,0.013740543994620701
2020-06-16,0.012708946678812555
2020-06-17,0.012485738142833993
2020-06-18,0.011331555212668428
2020-06-19,0.010278169175233061
2020-06-22,0.009442368978588302
2020-06-23,0.00937111487569751
2020-06-24,0.009009826935451012
2020-06-25,0.009832094141568546
2020-06-26,0.009342531881922451
2020-06-29,0.010546868334908756
2020-06-30,0.010334238596189595
2020-07-01,0.010035537445760474
2020-07-02,0.009346766485541072
2020-07-06,0.008626347080860821
2020-07-07,0.009457942571201495
2020-07-08,0.008796153703605373
2020-07-09,0.0087679749334094
2020-07-10,0.00810757700053661
2020-07-13,0.007670667761054253
2020-07-14,0.0076953077666568875
2020-07-15,0.007706274733289524
2020-07-16,0.0072819365498484985
2020-07-17,0.006963688721670902
2020-07-20,0.006473841740561908
2020-07-21,0.007536443551918545
2020-07-22,0.007293922215451025
2020-07-23,0.006886147637166949
2020-07-24,0.00915732048285801
2020-07-27,0.008578218163909962
2020-07-28,0.008776588472637568
2020-07-29,0.008515045959213461
2020-07-30,0.008580999210269983
2020-07-31,0.00803967397304468
2020-08-03,0.01283936399753345
2020-08-04,0.012184935788974833
2020-08-05,0.011158125681438256
2020-08-06,0.010256779255106246
2020-08-07,0.010284857350057115
2020-08-10,0.009866522929420604
2020-08-11,0.009189210703796457
2020-08-12,0.01005612395364654
2020-08-13,0.010866094084213733
2020-08-14,0.010209826499861796
2020-08-17,0.009400961662586289
2020-08-18,0.008931115767374985
2020-08-19,0.008426356242883128
2020-08-20,0.008098922612327262
2020-08-21,0.008186935973841672
2020-08-24,0.00923310421505869
2020-08-25,0.008958665317248165
2020-08-26,0.00843390457008237
2020-08-27,0.008769864626896806
2020-08-28,0.008221804437118936
2020-08-31,0.007838693573856635
2020-09-01,0.00816554011342528
2020-09-02,0.009081686339492013
2020-09-03,0.00920540677117014
2020-09-04,0.015884092770767074
2020-09-08,0.014525482360851962
2020-09-09,0.017625546639014795
2020-09-10,0.017498715484861028
2020-09-11,0.01685951304711065
2020-09-14,0.015391569739565047
2020-09-15,0.014790140670512686
2020-09-16,0.013613787069875689
2020-09-17,0.013045841539362824
2020-09-18,0.012335970781681397
2020-09-21,0.012144321183293677
2020-09-22,0.011808077266115555
2020-09-23,0.011391176401800237
2020-09-24,0.013112300926801847
2020-09-25,0.012036605890787514
2020-09-28,0.012540824428832236
2020-09-29,0.012485955819527786
2020-09-30,0.011504696467075397
2020-10-01,0.010743741579381133
2020-10-02,0.010193478682774038
2020-10-05,0.010924920075590028
2020-10-06,0.011313695471396344
2020-10-07,0.011453723433088
2020-10-08,0.011304970484777292
2020-10-09,0.010473283524364689
2020-10-12,0.010202217294327656
2020-10-13,0.012667389041048128
2020-10-14,0.012029685234715023
2020-10-15,0.011132711903180994
2020-10-16,0.010258996002830378
2020-10-19,0.00957026479656823
2020-10-20,0.0099495901897919
2020-10-21,0.009253939383823483
2020-10-22,0.008547363604021217
2020-10-23,0.008004399896989244
2020-10-26,0.007440386782837727
2020-10-27,0.007871958428752103
2020-10-28,0.007520876443537764
2020-10-29,0.011935669709569855
2020-10-30,0.012033064623262467
2020-11-02,0.013369927644491146
2020-11-03,0.012352072707386409
2020-11-04,0.012054302622640355
2020-11-05,0.0137897318299652
2020-11-06,0.0141827909330074
2020-11-09,0.012903627240731783
2020-11-10,0.01280452712832195
2020-11-11,0.011980525419315888
2020-11-12,0.011963117589918167
2020-11-13,0.011106503518281878
2020-11-16,0.01056509507726679
2020-11-17,0.010049416911361462
2020-11-18,0.00934415203461417
2020-11-19,0.009015002788613254
2020-11-20,0.008429090318169363
2020-11-23,0.008031368821958549
2020-11-24,0.008339853626833583
2020-11-25,0.00855563687130957
2020-11-27,0.008013926583598435
2020-11-30,0.007586036518004884
2020-12-01,0.007479985830170484
2020-12-02,0.008197096644859325
2020-12-03,0.007630223308839251
2020-12-04,0.007120270590330995
2020-12-07,0.00685181917202975
2020-12-08,0.006655875881741001
2020-12-09,0.006307084770551021
2020-12-10,0.007375592158795175
2020-12-11,0.007022330035664124
2020-12-14,0.006627579861152526
2020-12-15,0.006387694777535295
2020-12-16,0.00841760326008967
2020-12-17,0.00785954077745255
2020-12-18,0.007510541841776495
2020-12-21,0.007239253646720164
2020-12-22,0.0069102052439810515
2020-12-23,0.007053449291208377
2020-12-24,0.006685447747927566
2020-12-28,0.006402358509147806
2020-12-29,0.007292228284908409
2020-12-30,0.006932629526480829
2020-12-31,0.006559445227471453
2021-01-04,0.006292415425436853
2021-01-05,0.007358868751415129
2021-01-06,0.007182647357654095
2021-01-07,0.007903354442619694
2021-01-08,0.009250773482961173
2021-01-11,0.009076317097711457
2021-01-12,0.009098991628391319
2021-01-13,0.00843758665722337
2021-01-14,0.008069937242476363
2021-01-15,0.007729088628351226
2021-01-19,0.007594430871193905
2021-01-20,0.0075554295011978625
2021-01-21,0.008903295045731726
2021-01-22,0.009130818463457376
2021-01-25,0.008661009459348008
2021-01-26,0.008599396354683979
2021-01-27,0.007989932904614831
2021-01-28,0.009557419639210049
2021-01-29,0.009778483277671524
2021-02-01,0.010943698163759502
2021-02-02,0.011203353033666229
2021-02-03,0.010825911679844055
2021-02-04,0.009976963078272174
2021-02-05,0.010018352488202367
2021-02-08,0.009273642479826007
2021-02-09,0.008718181246311811
2021-02-10,0.008104454580149877
2021-02-11,0.00753489692513506
2021-02-12,0.007069493941676325
2021-02-16,0.006678878590671041
2021-02-17,0.006547518792905441
2021-02-18,0.006488841655768758
2021-02-19,0.0062502668858944715
2021-02-22,0.005937327879735962
2021-02-23,0.007572660779672639
2021-02-24,0.007082773349032636
2021-02-25,0.007040796129749235
2021-02-26,0.010045128923139607
2021-03-01,0.009334062238393994
2021-03-02,0.011915587603298437
2021-03-03,0.011491208429693178
2021-03-04,0.011924719598340298
2021-03-05,0.011547891358564986
2021-03-08,0.011337704590950117
2021-03-09,0.012270386466146975
2021-03-10,0.013507748330417457
2021-03-11,0.012340890379824184
2021-03-12,0.012101584986434087
2021-03-15,0.011316075101391916
2021-03-16,0.011044723467665458
2021-03-17,0.010182115874229077
2021-03-18,0.009488358879231489
2021-03-19,0.01097093779234498
2021-03-22,0.010199488776883993
2021-03-23,0.010315020815589798
2021-03-24,0.009721327181289464
2021-03-25,0.009558515808021615
2021-03-26,0.008970898965437098
2021-03-29,0.009043238715768408
2021-03-30,0.008418387035281874
2021-03-31,0.00810624813609165
2021-04-01,0.008200368477229365
2021-04-05,0.00833842934575005
2021-04-06,0.008894347009386438
2021-04-07,0.008284008802771874
2021-04-08,0.00789458167912434
2021-04-09,0.007889600888818498
2021-04-12,0.0078517570259075
2021-04-13,0.007464314658476441
2021-04-14,0.007683881935107494
2021-04-15,0.007664305106830719
2021-04-16,0.008126945784356786
2021-04-19,0.0076493375639057675
2021-04-20,0.007370137588255916
2021-04-21,0.007246039786218249
2021-04-22,0.007127355161596949
2021-04-23,0.00720919872473798
2021-04-26,0.007487447145524
2021-04-27,0.007090094898518655
2021-04-28,0.0067087907174144526
2021-04-29,0.006377740956561021
2021-04-30,0.006157551682646833
2021-05-03,0.006242702403994936
2021-05-04,0.0060783367971667685
2021-05-05,0.007510295545319811
2021-05-06,0.007042377008179216
2021-05-07,0.0070719950073563674
2021-05-10,0.006923857484753746
2021-05-11,0.00819330588196505
2021-05-12,0.007867569534670677
2021-05-13,0.00944421614787174
2021-05-14,0.009250597391899804
2021-05-17,0.009764491304326559
2021-05-18,0.009172739606005795
2021-05-19,0.008765596289716196
2021-05-20,0.00815523238988957
2021-05-21,0.008601753004307256
2021-05-24,0.00821237882321839
2021-05-25,0.008313309739671558
2021-05-26,0.007796531158837247
2021-05-27,0.007306423157246323
2021-05-28,0.007010801884260188
2021-06-01,0.006636248397994837
2021-06-02,0.006283764845049445
2021-06-03,0.005999668421196678
2021-06-04,0.006226576613827664
2021-06-07,0.007006124727256427
2021-06-08,0.006619508103319559
2021-06-09,0.0063094453050151445
2021-06-10,0.006064315935618111
2021-06-11,0.00610328459380463
2021-06-14,0.005958682762638767
2021-06-15,0.006449144544538879
2021-06-16,0.006239219190316721
2021-06-17,0.006152688275054636
2021-06-18,0.006592082794334751
2021-06-21,0.007039780565235684
2021-06-22,0.007400489022251818
2021-06-23,0.00731726992430589
2021-06-24,0.006892995782262284
2021-06-25,0.006677206338750044
2021-06-28,0.006396928925674628
2021-06-29,0.0065452027487492015
2021-06-30,0.00638795254678253
2021-07-01,0.0061097932396546005
2021-07-02,0.005915505615514696
2021-07-06,0.0064631631248908295
2021-07-07,0.006429333751431752
2021-07-08,0.006466087834692898
2021-07-09,0.006462315779081831
2021-07-12,0.006685040133670837
2021-07-13,0.006389038928936944
2021-07-14,0.00616181916523118
2021-07-15,0.006454614428489147
2021-07-16,0.006318403140262742
2021-07-19,0.006498415926136412
2021-07-20,0.007484866509439101
2021-07-21,0.008123706826597866
2021-07-22,0.007884331150968036
2021-07-23,0.0075556302906239865
2021-07-26,0.007623031488669304
2021-07-27,0.007165821113596346
2021-07-28,0.007196966828938421
2021-07-29,0.006916285797413092
2021-07-30,0.006645058160168022
2021-08-02,0.006413832433677341
2021-08-03,0.0061109189605627915
2021-08-04,0.006198724125217718
2021-08-05,0.005937775881280087
2021-08-06,0.005834316657917679
2021-08-09,0.005935849381329861
2021-08-10,0.005724223191169241
2021-08-11,0.005577701852675453
2021-08-12,0.005443017821014463
2021-08-13,0.005752427006507796
2021-08-16,0.005710104803039716
2021-08-17,0.00568281879396663
2021-08-18,0.005810664338726565
2021-08-19,0.006683050552979203
2021-08-20,0.006403268885235896
2021-08-23,0.006530396345572564
2021-08-24,0.006881798682223335
2021-08-25,0.00652435303642868
2021-08-26,0.0062872685382451355
2021-08-27,0.006163895374268835
2021-08-30,0.006356159873272472
2021-08-31,0.007090472063992022
2021-09-01,0.006769059743987655
2021-09-02,0.006398575542112173
2021-09-03,0.006149357775713127
2021-09-07,0.00595141783888699
2021-09-08,0.006051806738414151
2021-09-09,0.005915344199391166
2021-09-10,0.005840325604975142
2021-09-13,0.00685328172144333
2021-09-14,0.006522408973016923
2021-09-15,0.006416411502880474
2021-09-16,0.006433110340668463
2021-09-17,0.006249290166050929
2021-09-20,0.0068039231237975875
2021-09-21,0.008112436851302331
2021-09-22,0.007555948108081314
2021-09-23,0.007627048186206294
2021-09-24,0.007744674274421152
2021-09-27,0.007280604831755466
2021-09-28,0.007066900381920055
2021-09-29,0.009036777355286216
2021-09-30,0.008431769767062091
2021-10-01,0.008240307746275707
2021-10-04,0.008063278664512287
2021-10-05,0.008838138032967242
2021-10-06,0.008771043062002095
2021-10-07,0.008277533833608134
2021-10-08,0.008040368593143997
2021-10-11,0.007570739089651565
2021-10-12,0.0072824499369447526
2021-10-13,0.007048952615616928
2021-10-14,0.006885796041655025
2021-10-15,0.007850753342712659
2021-10-18,0.007598612440313313
2021-10-19,0.007410104730465682
2021-10-20,0.0074081356497859435
2021-10-21,0.0070316860967645925
2021-10-22,0.006700947792806284
2021-10-25,0.00653723761055618
2021-10-26,0.006431887781877042
2021-10-27,0.006142896455848758
2021-10-28,0.006058098088371267
2021-10-29,0.0067623695472343705
2021-11-01,0.006732383569428881
2021-11-02,0.006441678867639587
2021-11-03,0.006190167263035049
2021-11-04,0.006270947008367241
2021-11-05,0.006351250892165226
2021-11-08,0.0061644984154569015
2021-11-09,0.005902953093795876
2021-11-10,0.0058150827304852505
2021-11-11,0.006589431270904387
2021-11-12,0.006259512541538844
2021-11-15,0.006454796401923435
2021-11-16,0.006176436741087015
2021-11-17,0.006048404582408358
2021-11-18,0.006062925596541947
2021-11-19,0.006637602126670799
2021-11-22,0.006601013466880337
2021-11-23,0.006689008603175905
2021-11-24,0.006483246196534254
2021-11-26,0.006312036006348217
2021-11-29,0.008499511473912227
2021-11-30,0.009061253959579536
2021-12-01,0.009826905490437356
2021-12-02,0.009582699963429293
2021-12-03,0.0092582650952381
2021-12-06,0.009139403665343769
2021-12-07,0.009068326505749945
2021-12-08,0.01059454804764614
2021-12-09,0.010126175723821107
2021-12-10,0.009640814635869356
2021-12-13,0.009630779191613866
2021-12-14,0.009529299600711394
2021-12-15,0.009069079326948998
2021-12-16,0.00980300298245645
2021-12-17,0.010699552510002897
2021-12-20,0.01010772289042845
2021-12-21,0.009677071356030298
2021-12-22,0.010095226915471005
2021-12-23,0.009757824193284562
2021-12-27,0.009148729518716339
2021-12-28,0.00939362938424576
2021-12-29,0.008735654050421735
2021-12-30,0.008128557065477285
2021-12-31,0.007656425441893119
2022-01-03,0.007218640235959381
2022-01-04,0.007592120380800522
2022-01-05,0.007461720976470603
2022-01-06,0.009330818568692828
2022-01-07,0.008852208272815815
2022-01-10,0.008387992539865248
2022-01-11,0.007811584961320591
2022-01-12,0.00797388575768868
2022-01-13,0.0074792683115758275
2022-01-14,0.008381246749934854
2022-01-18,0.007883456640897955
2022-01-19,0.008926596961579882
2022-01-20,0.008946165175143886
2022-01-21,0.008747335910417911
2022-01-24,0.009579254449293471
2022-01-25,0.008936175497527376
2022-01-26,0.009145023609900424
2022-01-27,0.008546593568971183
2022-01-28,0.00816823989896156
2022-01-31,0.012054075332374225
2022-02-01,0.012602567898515004
2022-02-02,0.011681541433057031
2022-02-03,0.010968390013337334
2022-02-04,0.012316407939137861
2022-02-07,0.011475470071845581
2022-02-08,0.010644534032757776
2022-02-09,0.010235723867791013
2022-02-10,0.010184269606585094
2022-02-11,0.01072082713862111
2022-02-14,0.011479134984172447
2022-02-15,0.010605653774336766
2022-02-16,0.010930862778944004
2022-02-17,0.010111494957300004
2022-02-18,0.010989291242361438
2022-02-22,0.01035935077268886
2022-02-23,0.009929179593517204
2022-02-24,0.010662365339751687
2022-02-25,0.011114754072003581
2022-02-28,0.011104651945272359
2022-03-01,0.010278523338592933
2022-03-02,0.010084315161072858
2022-03-03,0.010351922807731288
2022-03-04,0.009734348168273926
2022-03-07,0.00945190414614373
2022-03-08,0.011301878029708874
2022-03-09,0.010640350770640935
2022-03-10,0.012136261401816045
2022-03-11,0.011691825758602977
2022-03-14,0.011588883970625224
2022-03-15,0.011545426534864185
2022-03-16,0.012230679809538606
2022-03-17,0.013099110289394091
2022-03-18,0.012283245526398012
2022-03-21,0.011946646207155099
2022-03-22,0.011098438408252117
2022-03-23,0.010922255725936603
2022-03-24,0.010540134765156505
2022-03-25,0.010688564408385852
2022-03-28,0.009919339558445102
2022-03-29,0.009468903506365972
2022-03-30,0.009455789736699612
2022-03-31,0.0089489569816135
2022-04-01,0.009019182126228228
2022-04-04,0.008374625137403247
2022-04-05,0.008658913598449764
2022-04-06,0.009130612362810951
2022-04-07,0.009275722065857426
2022-04-08,0.008635918537707864
2022-04-11,0.008324522337376428
2022-04-12,0.009224732471590027
2022-04-13,0.008665280176993922
2022-04-14,0.0088089771105376
2022-04-18,0.009584507723303801
2022-04-19,0.008867397817079481
2022-04-20,0.009204943825441179
2022-04-21,0.008766413201920713
2022-04-22,0.00891123372042485
2022-04-25,0.010449294575664026
2022-04-26,0.009852811585535746
2022-04-27,0.012070869042273539
2022-04-28,0.011104408760905715
2022-04-29,0.01284404575323101
2022-05-02,0.015159333668260208
2022-05-03,0.014051260052559422
2022-05-04,0.012917122321831927
2022-05-05,0.014270951312903549
2022-05-06,0.01730822541297267
2022-05-09,0.015929827070465263
2022-05-10,0.01678647224681531
2022-05-11,0.015523635160368926
2022-05-12,0.016069222601096507
2022-05-13,0.015002255070739812
2022-05-16,0.01546271514718121
2022-05-17,0.014287582079499716
2022-05-18,0.014186366079870446
2022-05-19,0.017333584832932854
2022-05-20,0.016090840104182477
2022-05-23,0.01471847123266429
2022-05-24,0.014629926776715775
2022-05-25,0.01390874397909664
2022-05-26,0.012955885220011048
2022-05-27,0.01308460047285603
2022-05-31,0.014052952671420902
2022-06-01,0.012952718736382504
2022-06-02,0.011962573958889982
2022-06-03,0.012104654718928461
2022-06-06,0.012727881570118416
2022-06-07,0.01173584257684298
2022-06-08,0.011153012157741612
2022-06-09,0.010495343546057212
2022-06-10,0.011767760401498918
2022-06-13,0.013462674496678926
2022-06-14,0.016029329601650273
2022-06-15,0.01472389266601895
2022-06-16,0.014339424446298484
2022-06-17,0.015885604384007563
2022-06-21,0.014693469631164763
2022-06-22,0.014890518534616523
2022-06-23,0.013731490398333303
2022-06-24,0.013090565612069215
2022-06-27,0.014012290404645269
2022-06-28,0.012915918565091904
2022-06-29,0.013407570611206652
2022-06-30,0.012426822496798684
2022-07-01,0.01179113295592621
2022-07-05,0.011179944842745674
2022-07-06,0.010756708284959853
2022-07-07,0.010075277283776492
2022-07-08,0.010378736580100996
2022-07-11,0.009616696112894731
2022-07-12,0.00970078621899579
2022-07-13,0.009212965137435284
2022-07-14,0.008612658137991759
2022-07-15,0.008320804333545212
2022-07-18,0.008813593884499772
2022-07-19,0.008688431822700477
2022-07-20,0.0103862904394347
2022-07-21,0.009961450279157121
2022-07-22,0.009754813397435893
2022-07-25,0.00950030380605485
2022-07-26,0.008892113301243199
2022-07-27,0.008899841253254607
2022-07-28,0.011303073380307919
2022-07-29,0.010718830844852903
2022-08-01,0.011059765519041621
2022-08-02,0.01030909816799612
2022-08-03,0.009737868760004017
2022-08-04,0.010868098813850815
2022-08-05,0.010078310254624124
2022-08-08,0.00951524025718642
2022-08-09,0.008907243593519337
2022-08-10,0.008451918761840732
2022-08-11,0.009751268429914877
2022-08-12,0.00917637876111368
2022-08-15,0.009637337657989412
2022-08-16,0.009069745929667661
2022-08-17,0.008456827159736124
2022-08-18,0.00818799145036682
2022-08-19,0.007667280985459996
2022-08-22,0.008171257402628562
2022-08-23,0.009400701245352028
2022-08-24,0.008747750737869415
2022-08-25,0.008179352005242745
2022-08-26,0.008465654317530363
2022-08-29,0.011825683393022042
2022-08-30,0.011149988003997522
2022-08-31,0.010694886600315904
2022-09-01,0.01008666165214488
2022-09-02,0.009432940419605362
2022-09-06,0.009243988169991993
2022-09-07,0.008831464440511048
2022-09-08,0.00920407607395151
2022-09-09,0.008733408375129472
2022-09-12,0.00918721816234218
2022-09-13,0.009766300552188427
2022-09-14,0.015317130428128845
2022-09-15,0.014163338362968002
2022-09-16,0.01355674546517534
2022-09-19,0.012667852560390264
2022-09-20,0.012116559897398476
2022-09-21,0.011534080890645173
2022-09-22,0.011553872889664049
2022-09-23,0.011020553735501178
2022-09-26,0.010954600686139963
2022-09-27,0.010334461074410906
2022-09-28,0.0097320818146548
2022-09-29,0.010263512303399728
2022-09-30,0.012130889352914634
2022-10-03,0.012219586542451947
2022-10-04,0.0130440470615491
2022-10-05,0.013962080410778786
2022-10-06,0.012917661600148655
2022-10-07,0.012131992041743605
2022-10-10,0.01384184300874058
2022-10-11,0.012982450420260661
2022-10-12,0.012241970313817362
2022-10-13,0.011362047497576487
2022-10-14,0.012301550833933162
2022-10-17,0.013182759047408338
2022-10-18,0.013909072968845708
2022-10-19,0.013062441761334538
2022-10-20,0.012213059127576807
2022-10-21,0.011467010046656843
2022-10-24,0.012151365911218103
2022-10-25,0.01163362939813399
2022-10-26,0.011747753039561572
2022-10-27,0.011582245462108913
2022-10-28,0.011565908042665914
2022-10-31,0.014306499468774322
2022-11-01,0.013500460158567871
2022-11-02,0.01274779207058203
2022-11-03,0.01406425301159067
2022-11-04,0.014123606275018193
2022-11-07,0.013602261313232066
2022-11-08,0.012812945412886514
2022-11-09,0.012053676889066096
2022-11-10,0.012673616990762741
2022-11-11,0.020212148301496178
2022-11-14,0.018985665930923594
2022-11-15,0.017656822322806794
2022-11-16,0.016576934770162234
2022-11-17,0.015580449695702539
2022-11-18,0.014533211490185514
2022-11-21,0.01351540817968816
2022-11-22,0.012852314536792427
2022-11-23,0.012455839303475423
2022-11-25,0.011806795663834205
2022-11-28,0.011221977594575811
2022-11-29,0.011427642887223938
2022-11-30,0.010954701599489912
2022-12-01,0.01402406510861435
2022-12-02,0.01323751964714699
2022-12-05,0.01236869521060204
2022-12-06,0.012268052812324175
2022-12-07,0.012363996352580153
2022-12-08,0.01173173974596758
2022-12-09,0.011214482733654657
2022-12-12,0.01073412407148126
2022-12-13,0.010625743234588104
2022-12-14,0.010225280803823044
2022-12-15,0.009857717368548825
2022-12-16,0.012343693886318721
2022-12-19,0.011884487859300966
2022-12-20,0.011534513882864104
2022-12-21,0.010862488398158086
2022-12-22,0.010947943719084205
2022-12-23,0.011355567386835647
2022-12-27,0.010702194110474702
2022-12-28,0.010409117386952953
2022-12-29,0.010681220147817297
2022-12-30,0.011387714540407759
2023-01-03,0.010701121722038048
2023-01-04,0.010866248015831678
2023-01-05,0.010391212504741934
2023-01-06,0.010283815618256087
2023-01-09,0.011831561061211937
2023-01-10,0.011100932152678138
2023-01-11,0.010571753353654472
2023-01-12,0.010690123425489993
2023-01-13,0.010169947430406601
2023-01-17,0.009712734453415589
2023-01-18,0.009183816533085315
2023-01-19,0.009391701910533665
2023-01-20,0.009066857847521563
2023-01-23,0.010033105828334802
2023-01-24,0.010365926989292071
2023-01-25,0.009829478831313833
2023-01-26,0.009250276963821306
2023-01-27,0.00939997950865856
2023-01-30,0.00906448388399775
2023-01-31,0.009454382743120892
2023-02-01,0.009489338143223353
2023-02-02,0.00957639060676912
2023-02-03,0.01111390420430065
2023-02-06,0.011245359542998906
2023-02-07,0.010822410184735719
2023-02-08,0.010917307905011418
2023-02-09,0.0108133498898268
2023-02-10,0.010343866343883868
2023-02-13,0.009796012089845547
2023-02-14,0.00986498658187796
2023-02-15,0.009324146214889601
2023-02-16,0.00898833572311633
2023-02-17,0.00927989991980884
2023-02-21,0.008833869616036941
2023-02-22,0.010079044033969576
2023-02-23,0.009476468041472504
2023-02-24,0.009053844225554313
2023-02-27,0.009257117175453593
2023-02-28,0.008819712283711537
2023-03-01,0.008359992903402889
2023-03-02,0.008191698060889575
2023-03-03,0.007966242516205516
2023-03-06,0.009430481692748526
2023-03-07,0.009099974208342626
2023-03-08,0.009349735497432538
2023-03-09,0.008918010523419081
2023-03-10,0.009433593940022878
2023-03-13,0.009837474908546787
2023-03-14,0.00949648618960289
2023-03-15,0.010039803139544225
2023-03-16,0.009604997576455316
2023-03-17,0.010308694655029642
2023-03-20,0.010092866066576351
2023-03-21,0.009806885457482463
2023-03-22,0.009828998577674128
2023-03-23,0.00995989601356229
2023-03-24,0.00958041075172474
2023-03-27,0.009175976053955736
2023-03-28,0.009003249926390046
2023-03-29,0.008569185643444777
2023-03-30,0.009076628927957336
2023-03-31,0.008813188651872942
2023-04-03,0.00915019525475712
2023-04-04,0.008724469783371222
2023-04-05,0.00837220160357239
2023-04-06,0.008173507869364504
2023-04-10,0.007862034877026428
2023-04-11,0.0077512016466969825
2023-04-12,0.007465170144309537
2023-04-13,0.007266136421149215
2023-04-14,0.008574381692120466
2023-04-17,0.00819859427632622
2023-04-18,0.007842943864474507
2023-04-19,0.007508182304052205
2023-04-20,0.007184478893955187
2023-04-21,0.007056602960551728
2023-04-24,0.006823480841661292
2023-04-25,0.006575194769823483
2023-04-26,0.007540111868016314
2023-04-27,0.007284768593129119
2023-04-28,0.00899453093956427
2023-05-01,0.00872679971843597
2023-05-02,0.008462747624430889
2023-05-03,0.008543193674084237
2023-05-04,0.00824396536059993
2023-05-05,0.007964653085257144
2023-05-08,0.009854341520061259
2023-05-09,0.009310538246047377
2023-05-10,0.008921297352862973
2023-05-11,0.008717044542724558
2023-05-12,0.008295934998462068
2023-05-15,0.007939163774699717
2023-05-16,0.007632974715201908
2023-05-17,0.00740790645221496
2023-05-18,0.007593199167074635
2023-05-19,0.007986406934748932
2023-05-22,0.007616555337474163
2023-05-23,0.0072901214788300105
2023-05-24,0.007590055822317032
2023-05-25,0.007371679163452253
2023-05-26,0.007859168241919186
2023-05-30,0.008538298801428923
2023-05-31,0.00820447454952529
2023-06-01,0.007878518244718264
2023-06-02,0.007983237066371645
2023-06-05,0.008070390977565473
2023-06-06,0.007697198811752271
2023-06-07,0.007313707011922381
2023-06-08,0.007465002430694865
2023-06-09,0.00761080704256716
2023-06-12,0.007273512247032707
2023-06-13,0.007515648889505714
2023-06-14,0.007336301107358001
2023-06-15,0.007043499662857532
2023-06-16,0.007356254398616866
2023-06-20,0.007093296856898925
2023-06-21,0.006864892143887385
2023-06-22,0.006859710847969875
2023-06-23,0.007020449991373873
2023-06-26,0.006983155287514981
2023-06-27,0.006944394300956374
2023-06-28,0.007385070797367192
2023-06-29,0.007054092863207292
2023-06-30,0.0068670658670423055
2023-07-03,0.007576174600267399
2023-07-05,0.007264389310615161
2023-07-06,0.0069757045700575135
2023-07-07,0.006937526577306768
2023-07-10,0.006693368871491677
2023-07-11,0.006506583068533647
2023-07-12,0.006374017497328859
2023-07-13,0.006643640010637817
2023-07-14,0.0069073035981725385
2023-07-17,0.006599570846201027
2023-07-18,0.006684262551413735
2023-07-19,0.006649484173564989
2023-07-20,0.006451573471977231
2023-07-21,0.007066725729337208
2023-07-24,0.00678487914436495
2023-07-25,0.006552829221633905
2023-07-26,0.0063667318469657124
2023-07-27,0.006130102808289615
2023-07-28,0.006276668585987268
2023-07-31,0.006853942787753107
2023-08-01,0.006566542610972787
2023-08-02,0.006451383681264329
2023-08-03,0.007436055618311308
2023-08-04,0.007311843402981024
2023-08-07,0.0085762885152351
2023-08-08,0.008547807007337059
2023-08-09,0.008273075038858173
2023-08-10,0.008148499412016265
2023-08-11,0.007808578720233615
2023-08-14,0.007459726151681395
2023-08-15,0.007392712333659097
2023-08-16,0.007582654394070492
2023-08-17,0.007505836084562801
2023-08-18,0.0075450727567565445
2023-08-21,0.007164171433408863
2023-08-22,0.0073061903294059215
2023-08-23,0.007028092023865204
2023-08-24,0.007790402693893669
2023-08-25,0.008683883560990965
2023-08-28,0.008450532703639881
2023-08-29,0.00816898637462811
2023-08-30,0.008905284940321369
2023-08-31,0.008663665601541463
2023-09-01,0.00820441128157358
2023-09-05,0.007891941386929495
2023-09-06,0.00759860264047793
2023-09-07,0.008153902187533583
2023-09-08,0.008256994082936203
2023-09-11,0.007830637902063219
2023-09-12,0.007752757726056484
2023-09-13,0.007740169804486557
2023-09-14,0.007441619829715216
2023-09-15,0.007384610034594342
2023-09-18,0.007725256681666037
2023-09-19,0.007506874301528314
2023-09-20,0.00718546627129455
2023-09-21,0.007536926672417566
2023-09-22,0.008332007483832298
2023-09-25,0.007918249783825878
2023-09-26,0.007769606735772309
2023-09-27,0.008384071351805411
2023-09-28,0.00803983617120837
2023-09-29,0.007763162113459768
2023-10-02,0.007402923964825259
2023-10-03,0.0073329535026271835
2023-10-04,0.007864427699720046
2023-10-05,0.007845805392895188
2023-10-06,0.007495411322049509
2023-10-09,0.007832163123334027
2023-10-10,0.007818496521226797
2023-10-11,0.007519912023630203
2023-10-12,0.007431309785751404
2023-10-13,0.007423168948221337
2023-10-16,0.007672545751745824
2023-10-17,0.007737550250258659
2023-10-18,0.00747935652665861
2023-10-19,0.007744834829030412
2023-10-20,0.007747531109168928
2023-10-23,0.00804605866619576
2023-10-24,0.007710800934728116
2023-10-25,0.007569401409008919
2023-10-26,0.008461034638368888
2023-10-27,0.009047515244308827
2023-10-30,0.008729628587176897
2023-10-31,0.008692302750997413
2023-11-01,0.008339898577083366
2023-11-02,0.008706982597048496
2023-11-03,0.009453061521326637
2023-11-06,0.009205189557744048
2023-11-07,0.008890584961558113
2023-11-08,0.008692263927272528
2023-11-09,0.008347534627821094
2023-11-10,0.007943218780264067
2023-11-13,0.00871814224467805
2023-11-14,0.008301183762447312
2023-11-15,0.009069059317266155
2023-11-16,0.008643615664064927
2023-11-17,0.008300276268353399
2023-11-20,0.007875150497496727
2023-11-21,0.007788894209818666
2023-11-22,0.007455184764948099
2023-11-24,0.007138323963483313
2023-11-27,0.00688380130185564
2023-11-28,0.006662708389113151
2023-11-29,0.006419363966833828
2023-11-30,0.006168246841855917
2023-12-01,0.006009773825753509
2023-12-04,0.006097089592534056
2023-12-05,0.006199220238833416
2023-12-06,0.006441083414033556
2023-12-07,0.006358389069903186
2023-12-08,0.006578259335319108
2023-12-11,0.006453466845784134
2023-12-12,0.006457677291631184
2023-12-13,0.006350477138839825
2023-12-14,0.007169146214480999
2023-12-15,0.007033522057327062
2023-12-18,0.0067760930188695565
2023-12-19,0.006649160292227451
2023-12-20,0.006527591885318576
2023-12-21,0.006982059093207039
2023-12-22,0.006956472442602401
2023-12-26,0.006672702900805447
2023-12-27,0.006464121687715506
2023-12-28,0.006287921600821977
2023-12-29,0.006027742246758896
2024-01-02,0.005887172171752123
2024-01-03,0.0070383927019228775
2024-01-04,0.007021787295579822
2024-01-05,0.006917534084689367
2024-01-08,0.006565774139165784
2024-01-09,0.007522008145603879
2024-01-10,0.007161644661378636
2024-01-11,0.0069246017772283015
2024-01-12,0.0066043054883917676
2024-01-16,0.006315347987488062
2024-01-17,0.006311032649478769
2024-01-18,0.006213526459289673
2024-01-19,0.007028877194691115
2024-01-22,0.007578457478390107
2024-01-23,0.007286085768785538
2024-01-24,0.007002702963589627
2024-01-25,0.0067300872271793145
2024-01-26,0.006506984351434546
2024-01-29,0.006311732741750054
2024-01-30,0.006358803724750032
2024-01-31,0.006384697863639097
2024-02-01,0.0073032489640996
2024-02-02,0.0076431168139183495
2024-02-05,0.007882080957554136
2024-02-06,0.007664326850742005
2024-02-07,0.007375288000872301
2024-02-08,0.007242113179847959
2024-02-09,0.006910404833016224
2024-02-12,0.006762172816129725
2024-02-13,0.006517265664836132
2024-02-14,0.007095041765828017
2024-02-15,0.0070359893110885224
2024-02-16,0.006784438666995453
2024-02-20,0.006668614407896784
2024-02-21,0.006448580897200251
2024-02-22,0.006204794274611069
2024-02-23,0.007531881730884298
2024-02-26,0.007245325542711505
2024-02-27,0.006935928383890648
2024-02-28,0.006667059126546038
2024-02-29,0.006420760540152737
2024-03-01,0.006257639756157379
2024-03-04,0.006426622077033638
2024-03-05,0.006656380259896674
2024-03-06,0.007400710690043012
2024-03-07,0.007138637576961419
2024-03-08,0.007185512802258892
2024-03-11,0.007189043430624709
2024-03-12,0.006911149439697491
2024-03-13,0.007033933036470085
2024-03-14,0.00685328863399362
2024-03-15,0.00669777121271159
2024-03-18,0.006647277373583696
2024-03-19,0.006529339810343819
2024-03-20,0.0064359573720429155
2024-03-21,0.0066582948600867106
2024-03-22,0.007310274712833178
2024-03-25,0.007008104093585478
2024-03-26,0.006729767903641317
2024-03-27,0.006459956332016159
2024-03-28,0.006635389331064338
2024-04-01,0.006402940238250899
2024-04-02,0.006319974684020875
2024-04-03,0.006313804795467316
2024-04-04,0.006085468581315683
2024-04-05,0.006505028007226289
2024-04-08,0.00671078235534971
2024-04-09,0.006419012202380055
2024-04-10,0.006226725499534904
2024-04-11,0.00655533507053664
2024-04-12,0.0076814208287362355
2024-04-15,0.007944174785845083
2024-04-16,0.008395483259177841
2024-04-17,0.008133636051631296
2024-04-18,0.007989525530761583
2024-04-19,0.007645289141962414
2024-04-22,0.007879480909402518
2024-04-23,0.00779424586771063
2024-04-24,0.007859164236613182
2024-04-25,0.007557533367302495
2024-04-26,0.007259892216444991
2024-04-29,0.007293008946236044
2024-04-30,0.007318665200952159
2024-05-01,0.008061458577846924
2024-05-02,0.007751810408000473
2024-05-03,0.007898197373941183
2024-05-06,0.009598107265647823
2024-05-07,0.009348389508704077
2024-05-08,0.008844112012204402
2024-05-09,0.008373576325396299
2024-05-10,0.00809537286932243
2024-05-13,0.0077242273019503
2024-05-14,0.0074935228312563605
2024-05-15,0.007264387257442166
2024-05-16,0.007675364585899749
2024-05-17,0.007328324608309464
2024-05-20,0.007046843549318659
2024-05-21,0.006805557107060612
2024-05-22,0.00655281883051576
2024-05-23,0.006386962622261934
2024-05-24,0.0066595629191373695
2024-05-28,0.006724130197584566
2024-05-29,0.00655817571808383
2024-05-30,0.006551184088993833
2024-05-31,0.0065581423706019045
2024-06-03,0.0065047617573063925
2024-06-04,0.006453082438889877
2024-06-05,0.006267974855617607
2024-06-06,0.006871676108555149
2024-06-07,0.006582228373563122
2024-06-10,0.006779983674899081
2024-06-11,0.006774357232531873
2024-06-12,0.008636670350691145
2024-06-13,0.008866692033543337
2024-06-14,0.008528274635230171
2024-06-17,0.008202508083939155
2024-06-18,0.008289285476461858
2024-06-20,0.007971501316828127
2024-06-21,0.007910474613776239
2024-06-24,0.007649478549328448
2024-06-25,0.007491656097319211
2024-06-26,0.007353659499680527
2024-06-27,0.0072800941062821254
2024-06-28,0.007013977296983063
2024-07-01,0.007033646081231709
2024-07-02,0.007235247242231029
2024-07-03,0.007308044664221554
2024-07-05,0.007224153727505749
2024-07-08,0.007394351478643744
2024-07-09,0.007118481622728576
2024-07-10,0.00682783171272889
2024-07-11,0.007067366998060602
2024-07-12,0.00774311325932376
2024-07-15,0.0075650995728278325
2024-07-16,0.007392878095984637
2024-07-17,0.007266574280659059
2024-07-18,0.008448760991706135
2024-07-19,0.008344037209038778
2024-07-22,0.00813068322694044
2024-07-23,0.008087591691374442
2024-07-24,0.007697275972624717
2024-07-25,0.009611222494513563
2024-07-26,0.00923783168153226
2024-07-29,0.008997269003510742
2024-07-30,0.008509661875808304
2024-07-31,0.008240850282689066
2024-08-01,0.009018759002745035
2024-08-02,0.009357154510897244
2024-08-05,0.009916046623846292
2024-08-06,0.01193739471222926
2024-08-07,0.011484520470354446
2024-08-08,0.010961895932696973
2024-08-09,0.011545570511021582
2024-08-12,0.01097659431193828
2024-08-13,0.010394363278206586
2024-08-14,0.010596725843875379
2024-08-15,0.009989763455728702
2024-08-16,0.010228351003011471
2024-08-19,0.009730200880555422
2024-08-20,0.00941238755651048
2024-08-21,0.008909688566378261
2024-08-22,0.008412213678293427
2024-08-23,0.008341911908608288
2024-08-26,0.008257439780696518
2024-08-27,0.007901558217125433
2024-08-28,0.007480882664122699
2024-08-29,0.0073182177182069905
2024-08-30,0.007084571796716692
2024-09-03,0.007095032442112126
2024-09-04,0.008694603692059578
2024-09-05,0.008301968701035499
2024-09-06,0.007915549405043413
2024-09-09,0.0085266881711069
2024-09-10,0.008357025755081501
2024-09-11,0.008011279680320157
2024-09-12,0.008155868011551468
2024-09-13,0.00795639792666123
2024-09-16,0.007615901594552878
2024-09-17,0.007707601994410397
2024-09-18,0.007326603810931771
2024-09-19,0.007216501751663189
2024-09-20,0.00856046821581686
2024-09-23,0.00813395775552804
2024-09-24,0.007757012391378647
2024-09-25,0.00741685616590165
2024-09-26,0.007091811670570801
2024-09-27,0.006862466605633403
2024-09-30,0.006600432886585527
2024-10-01,0.006634192752641544
2024-10-02,0.007153675104862616
2024-10-03,0.006835545656164
2024-10-04,0.006574080269623839
2024-10-07,0.006681408277686547
2024-10-08,0.0069465351051836485
2024-10-09,0.007184172815434733
2024-10-10,0.007116390025478944
2024-10-11,0.006793386926259331
2024-10-14,0.006620776311911686
2024-10-15,0.006672951754528182
2024-10-16,0.006782439917857358
2024-10-17,0.006555435048200341
2024-10-18,0.006353755482362687
2024-10-21,0.006269878812178498
2024-10-22,0.0061367496029389994
2024-10-23,0.005911730977670237
2024-10-24,0.00645999441672366
2024-10-25,0.006304201118963406
2024-10-28,0.006101530766605023
2024-10-29,0.005924186793817409
2024-10-30,0.005839494164099131
2024-10-31,0.00584187770932787
2024-11-01,0.007301327766396816
2024-11-04,0.007168531239984969
2024-11-05,0.0069126801478431995
2024-11-06,0.007020515359346967
2024-11-07,0.008432381724990683
2024-11-08,0.008581187873832125
2024-11-11,0.008192186399023613
2024-11-12,0.00796915207051195
2024-11-13,0.007624184700450348
2024-11-14,0.007314304245634504
2024-11-15,0.007182806861669138
2024-11-18,0.007732705837646318
2024-11-19,0.007589778441706853
2024-11-20,0.007317146512886916
2024-11-21,0.006991110601157247
2024-11-22,0.006757027042672289
2024-11-25,0.00654170045683158
2024-11-26,0.006724374719733723
2024-11-27,0.006587243443694264
2024-11-29,0.006416911884032131
2024-12-02,0.00642693838323019
2024-12-03,0.00635143085322459
2024-12-04,0.006226489069024501
2024-12-05,0.006278657317119
2024-12-06,0.006062970508342155
2024-12-09,0.005934266558626352
2024-12-10,0.006045873592778093
2024-12-11,0.005903294258004615
2024-12-12,0.006162277316923523
2024-12-13,0.0061357869046922055
2024-12-16,0.006015690252080086
2024-12-17,0.0061298827996120134
2024-12-18,0.006006350990363267
2024-12-19,0.008741183138734766
2024-12-20,0.008346601815199547
2024-12-23,0.008363480341275034
2024-12-24,0.008055630597253723
2024-12-26,0.008018495930555543
2024-12-27,0.007611503328650979
2024-12-30,0.007672001394845533
2024-12-31,0.007712726371163192
