,portfolio_return
2016-12-28,-0.00206836311155385
2016-12-29,0.0029379496965040277
2016-12-30,-0.0052977787397433754
2017-01-03,0.0062921175601808885
2017-01-04,0.0035191018618356833
2017-01-05,0.008169614466080244
2017-01-06,0.001353105084944861
2017-01-09,0.005055865412169159
2017-01-10,0.0013614595352124505
2017-01-11,0.003463737922261157
2017-01-12,-0.0013700442106268087
2017-01-13,0.0003613491461252671
2017-01-17,0.005233102841675486
2017-01-18,-0.0034455741479841426
2017-01-19,-0.0027409082020860786
2017-01-20,0.0016267141384942007
2017-01-23,0.0030477432020377115
2017-01-24,0.00016081645855638987
2017-01-25,0.0027048351817612116
2017-01-26,-0.001094488238305491
2017-01-27,0.0012100153248119307
2017-01-30,-0.003092515131361662
2017-01-31,0.0032610829491564355
2017-02-01,0.011446725385326052
2017-02-02,0.0006382544313982663
2017-02-03,0.003217670231157488
2017-02-06,0.005638902371339328
2017-02-07,0.0036895387485792242
2017-02-08,0.005308584694232277
2017-02-09,-0.0005000123138896306
2017-02-10,0.0014064947453290345
2017-02-13,0.0019806897767194803
2017-02-14,0.0028187223589447364
2017-02-15,0.0029096302273606154
2017-02-16,0.0016913802378889287
2017-02-17,0.002230683698671321
2017-02-21,0.0033796973095783227
2017-02-22,0.0011020588055334459
2017-02-23,0.0008723439902976084
2017-02-24,0.0043108340139424335
2017-02-27,-0.0012026463514924759
2017-02-28,-0.00014197644200244505
2017-03-01,0.005334144435759214
2017-03-02,-0.006684109605204203
2017-03-03,0.0020703787158899093
2017-03-06,-0.003976871803493065
2017-03-07,-0.002901087624700693
2017-03-08,-0.0030978043912130108
2017-03-09,-0.002685310335366253
2017-03-10,0.0033377123600550895
2017-03-13,-0.000709730247765794
2017-03-14,-0.0016801063260804662
2017-03-15,0.011184301555745702
2017-03-16,-0.0003941540967669077
2017-03-17,0.00027725884103855267
2017-03-20,0.0037970119243743387
2017-03-21,-0.0045458894700976405
2017-03-22,0.0053544572006067
2017-03-23,-0.0019788949873159826
2017-03-24,0.000903318482058424
2017-03-27,0.002489170722342937
2017-03-28,0.004611935319954607
2017-03-29,0.003233074505872935
2017-03-30,-0.00236407339322513
2017-03-31,2.4703278011539676e-05
2017-04-03,0.002652556579862253
2017-04-04,0.0012923204014144932
2017-04-05,-0.001840238282586881
2017-04-06,-0.0008669158407550448
2017-04-07,-0.0010969645203754653
2017-04-10,0.0008831652313642912
2017-04-11,0.0014968856448322574
2017-04-12,0.001010274646189746
2017-04-13,-0.001594937927107676
2017-04-17,0.0033120889514595578
2017-04-18,0.0017530058930149473
2017-04-19,-0.0036627250123766335
2017-04-20,0.005376178771949559
2017-04-21,-0.0003493841453107826
2017-04-24,0.004151806258100254
2017-04-25,-0.0006211255747341935
2017-04-26,0.0004921402565369881
2017-04-27,0.000706164523704178
2017-04-28,0.0007941074394302917
2017-05-01,0.0028138379622263624
2017-05-02,0.0026635076414907926
2017-05-03,-0.004175195650043939
2017-05-04,-0.003429843194977611
2017-05-05,0.005361504421015529
2017-05-08,0.004231402045797949
2017-05-09,0.0005692501943870276
2017-05-10,-0.0007255583357204999
2017-05-11,0.0019455329667357193
2017-05-12,0.004957914010342712
2017-05-15,0.0012079299246547494
2017-05-16,0.001964665444402147
2017-05-17,-0.009064503485956887
2017-05-18,0.004154834638968996
2017-05-19,0.004280538968889315
2017-05-22,0.004186117475656381
2017-05-23,-0.002225493378209276
2017-05-24,0.0026951406970500357
2017-05-25,0.0031865594935060137
2017-05-26,0.0020818006156900996
2017-05-30,0.00039490469491942903
2017-05-31,-1.1853000457406936e-05
2017-06-01,0.00309709965012539
2017-06-02,0.009701271821318969
2017-06-05,-0.003203046435587709
2017-06-06,0.002562380447326263
2017-06-07,0.0003227270258681081
2017-06-08,-0.0020221243216988153
2017-06-09,-0.015416593233368128
2017-06-12,-0.0063160374141095765
2017-06-13,0.004426447759480823
2017-06-14,-0.0011202121260059702
2017-06-15,-0.0036301358090244486
2017-06-16,-0.00321590308165014
2017-06-19,0.008799817161494606
2017-06-20,-0.0033911790788808465
2017-06-21,0.004086639227381905
2017-06-22,0.000635415816149898
2017-06-23,0.002657732466519214
2017-06-26,-0.002485213558573385
2017-06-27,-0.009555037846911585
2017-06-28,0.007034384921717507
2017-06-29,-0.010899065922678109
2017-06-30,-5.275299378473255e-05
2017-07-03,-0.00644533868061199
2017-07-05,0.004028446630313277
2017-07-06,-0.007292931412202198
2017-07-07,0.002203673921234906
2017-07-10,0.003356587420514945
2017-07-11,0.0016612854648680123
2017-07-12,0.006228906830625913
2017-07-13,0.0019178365873892215
2017-07-14,0.006087509716138051
2017-07-17,0.0022098840152842136
2017-07-18,0.005264192208567487
2017-07-19,0.003528201862974001
2017-07-20,0.00029709250322182965
2017-07-21,0.002208627257768558
2017-07-24,0.0025756482549812
2017-07-25,-0.002448942263878529
2017-07-26,0.0035298974895733083
2017-07-27,-0.00640030837930281
2017-07-28,0.0008643622605148948
2017-07-31,-0.001654771486470352
2017-08-01,0.003906401032361196
2017-08-02,0.009570780660812517
2017-08-03,-0.0008027631195008491
2017-08-04,-0.0014929212762746504
2017-08-07,0.004695526662665462
2017-08-08,0.0006180019453593035
2017-08-09,0.004442367637164768
2017-08-10,-0.010472975205019174
2017-08-11,0.005610984763557614
2017-08-14,0.005066669768114719
2017-08-15,-0.00010031510592369832
2017-08-16,0.0020883853256839836
2017-08-17,-0.008646513274975655
2017-08-18,-0.0012690260281058132
2017-08-21,0.0007727545635128231
2017-08-22,0.006677563317632362
2017-08-23,0.0009254854606819407
2017-08-24,-0.003306177141561495
2017-08-25,0.002289921037116205
2017-08-28,0.005657881349690986
2017-08-29,0.0029993302142694135
2017-08-30,0.0036621234205583162
2017-08-31,0.0070544330547682495
2017-09-01,-0.0010846269159376478
2017-09-05,-0.0003048487020969933
2017-09-06,-0.0011744640516869965
2017-09-07,0.003747257176558261
2017-09-08,-0.005947179841821005
2017-09-11,0.0027936948084548163
2017-09-12,-0.0001103221321051784
2017-09-13,-0.003438101150709638
2017-09-14,-0.00127006499135609
2017-09-15,0.002043980811585122
2017-09-18,-0.004383679968119747
2017-09-19,0.0005443563226502412
2017-09-20,-0.005394583485424764
2017-09-21,-0.006867043281435503
2017-09-22,-0.0006368476918558129
2017-09-25,-0.0009685810054402388
2017-09-26,0.0014418436432865884
2017-09-27,-0.000939539805763623
2017-09-28,-0.001281902198878804
2017-09-29,0.0026455103950607578
2017-10-02,-0.0010614865680491194
2017-10-03,0.0020145818342938602
2017-10-04,-0.0002919012372903931
2017-10-05,0.00377139875369803
2017-10-06,0.00030550846623400574
2017-10-09,0.0023917830613282122
2017-10-10,0.001598866023916745
2017-10-11,0.0027639762668031586
2017-10-12,-0.000354227167110377
2017-10-13,0.005221682404307871
2017-10-16,0.003080487729739545
2017-10-17,1.6222763590789647e-05
2017-10-18,-0.0030103443827347756
2017-10-19,-0.003943127846462691
2017-10-20,-0.0014986512023066115
2017-10-23,-0.0015238593738826187
2017-10-24,-0.00014028813999233947
2017-10-25,-0.003556515099592161
2017-10-26,-0.001462333891298773
2017-10-27,0.01667469130198658
2017-10-30,0.006440397948923416
2017-10-31,0.0031293288821744093
2017-11-01,-0.0007450881969266021
2017-11-02,0.002164597223855225
2017-11-03,0.0073357069807854286
2017-11-06,0.00545273806977491
2017-11-07,0.0007337641442482835
2017-11-08,0.0030226183010925393
2017-11-09,-0.001937155735240914
2017-11-10,-0.005421220608701294
2017-11-13,0.00034529596826615727
2017-11-14,-0.0024826706137960567
2017-11-15,-0.0026867702133542616
2017-11-16,0.004845574455217072
2017-11-17,0.0014008063199294266
2017-11-20,-0.0026333819673911127
2017-11-21,0.008109595525678782
2017-11-22,0.004639526609741917
2017-11-24,0.00014623198074747984
2017-11-27,-0.0006498164126008455
2017-11-28,0.001590694087188016
2017-11-29,-0.011070968619002298
2017-11-30,0.003974040327562545
2017-12-01,0.0012870130031268799
2017-12-04,-0.0046075978331195705
2017-12-05,-0.0012098177525371235
2017-12-06,0.0004693222021503906
2017-12-07,-0.0025494096876679255
2017-12-08,0.0020265758469397714
2017-12-11,0.004800686896539563
2017-12-12,-0.0008855676540676428
2017-12-13,0.004242252470931618
2017-12-14,-0.0005747786203958327
2017-12-15,0.007108115424850681
2017-12-18,0.004820436282092456
2017-12-19,-0.006562424597946048
2017-12-20,-0.0022318467449333745
2017-12-21,0.0026374867420417836
2017-12-22,0.0010363444717047087
2017-12-26,-0.004501870659946317
2017-12-27,0.0035002643124204093
2017-12-28,0.002053973225049344
2017-12-29,-0.0025579808012741625
2018-01-02,0.008690695768516488
2018-01-03,0.003586039596326796
2018-01-04,0.0031088449671764274
2018-01-05,0.004811959138487244
2018-01-08,0.00023857782198977173
2018-01-09,-0.0031790919541126784
2018-01-10,-0.0005817575226326534
2018-01-11,0.00542791016524733
2018-01-12,0.0075651763860482115
2018-01-16,-0.0011121387945136618
2018-01-17,0.005421684763051094
2018-01-18,-0.0024327585940286944
2018-01-19,0.0004738468322135424
2018-01-22,0.0026639051745761754
2018-01-23,0.00396716319751258
2018-01-24,-0.003256425232052607
2018-01-25,-0.00329351050917186
2018-01-26,0.005224211152495873
2018-01-29,-0.00901115383009401
2018-01-30,-0.006939684720255102
2018-01-31,0.003990842916403991
2018-02-01,-0.00377972405860092
2018-02-02,-0.02180888995388033
2018-02-05,-0.019262983461914816
2018-02-06,0.013964439786031414
2018-02-07,-0.010873428747293624
2018-02-08,-0.021763301548015073
2018-02-09,0.007233688429417562
2018-02-12,0.01617059791855695
2018-02-13,0.005542235213257474
2018-02-14,0.011195881822272647
2018-02-15,0.013732594012989808
2018-02-16,-0.001059220796991678
2018-02-20,-0.005114946297918177
2018-02-21,-0.00586650037833989
2018-02-22,0.0035143840291121716
2018-02-23,0.012174582437578697
2018-02-26,0.009418270071246848
2018-02-27,-0.008040929500507677
2018-02-28,-0.002567572169480936
2018-03-01,-0.008844059320526565
2018-03-02,0.003673235937476349
2018-03-05,0.004317507249898701
2018-03-06,0.0035125834962610016
2018-03-07,-0.002981007213073195
2018-03-08,0.004905640565242208
2018-03-09,0.009578310489268826
2018-03-12,0.00388301197341141
2018-03-13,-0.004582387118749765
2018-03-14,-0.0011445121919680722
2018-03-15,-0.001434585032846236
2018-03-16,-0.0022828877023626684
2018-03-19,-0.010319675723412658
2018-03-20,-0.0007757594066422513
2018-03-21,-0.002160563682346339
2018-03-22,-0.011727507958875451
2018-03-23,-0.011914447093432567
2018-03-26,0.02225155163961423
2018-03-27,-0.014314191578490478
2018-03-28,-0.007380015431013121
2018-03-29,0.00879068021310223
2018-04-02,-0.008817073156290166
2018-04-03,0.0037636864457514466
2018-04-04,0.008869707695916506
2018-04-05,0.0015626424220458015
2018-04-06,-0.011647120227431619
2018-04-09,0.0053660764838891605
2018-04-10,0.011357758087483473
2018-04-11,-0.0008848316710038162
2018-04-12,0.00218444755237197
2018-04-13,0.0008210847323383954
2018-04-16,0.004748455030065557
2018-04-17,0.009854647035238973
2018-04-18,-0.0013420125007944429
2018-04-19,-0.010736976065971772
2018-04-20,-0.016233791881419005
2018-04-23,-0.0026668118160800168
2018-04-24,-0.009742890936700733
2018-04-25,-0.001044588698645299
2018-04-26,0.007577082410943348
2018-04-27,0.00036675607063285697
2018-04-30,-0.00048043752835429413
2018-05-01,0.005083439720725558
2018-05-02,0.005797662871597263
2018-05-03,0.0018067850925110208
2018-05-04,0.014749232688011826
2018-05-07,0.0035011345920409557
2018-05-08,0.0006012580391068667
2018-05-09,0.003877179036540301
2018-05-10,0.00973082805895027
2018-05-11,-0.00012538743727370512
2018-05-14,-0.0019071239857912483
2018-05-15,-0.010980691775594222
2018-05-16,0.002935622906502999
2018-05-17,-0.00310680460278423
2018-05-18,-0.0004703632206259911
2018-05-21,0.0042461283518332674
2018-05-22,-0.0017413183274719302
2018-05-23,0.005168364244041258
2018-05-24,0.0026017500657316006
2018-05-25,0.0008051366758420999
2018-05-29,0.0003790393667325807
2018-05-30,0.002598089216530663
2018-05-31,-0.002799411472443847
2018-06-01,0.006591302753473105
2018-06-04,0.002762873222229967
2018-06-05,0.0035526028924641297
2018-06-06,0.0020071967295570486
2018-06-07,-0.00036131621004162893
2018-06-08,-0.0015834681910286365
2018-06-11,0.0003019638437832484
2018-06-12,0.00178642231528201
2018-06-13,-0.001799750989728377
2018-06-14,0.004583765489406844
2018-06-15,-0.006171547634704133
2018-06-18,-0.0011956434733164658
2018-06-19,-0.003945532839971566
2018-06-20,-2.9467675974270842e-05
2018-06-21,-0.003422935952516681
2018-06-22,-0.00019738368867727718
2018-06-25,-0.010597168244841448
2018-06-26,0.002951123123883637
2018-06-27,-0.003963000612794687
2018-06-28,0.0037443772387224074
2018-06-29,0.00044062133291937765
2018-07-02,0.0018140869389058347
2018-07-03,-0.003465203050675658
2018-07-05,0.006940988012488703
2018-07-06,0.00785864860186738
2018-07-09,0.00553824745145386
2018-07-10,0.00023765554586052673
2018-07-11,-0.006510187589504124
2018-07-12,0.00936241621035707
2018-07-13,0.00026185971494490105
2018-07-16,-0.0020328527005154307
2018-07-17,3.61559643189403e-05
2018-07-18,-0.0018107167247333857
2018-07-19,0.00019192729186228168
2018-07-20,-0.0019103844630808278
2018-07-23,-0.002261384853629522
2018-07-24,0.00402738926403714
2018-07-25,0.007132718881011968
2018-07-26,-0.006104337875022737
2018-07-27,-0.006993043451692228
2018-07-30,-0.006016174416035104
2018-07-31,0.004584003482592536
2018-08-01,0.008764455063745126
2018-08-02,0.008758827641729638
2018-08-03,0.003734408890525565
2018-08-06,0.00202968555433074
2018-08-07,-0.0010849175564067615
2018-08-08,0.001052807799652289
2018-08-09,0.002553024480186572
2018-08-10,-0.002115189925461092
2018-08-13,-0.0031391444579867314
2018-08-14,0.0031079731429170653
2018-08-15,-0.005685920734124039
2018-08-16,0.0049993988657358384
2018-08-17,0.006795765063903048
2018-08-20,0.0006221347590392944
2018-08-21,0.0007219043209940601
2018-08-22,0.0018964857494360389
2018-08-23,-0.0017310526990727659
2018-08-24,0.007527355349691245
2018-08-27,0.004845050852597855
2018-08-28,-0.0008009857564731603
2018-08-29,0.0075087085991182075
2018-08-30,0.00011151551769277316
2018-08-31,0.0018704489958501823
2018-09-04,-0.0027476515394317504
2018-09-05,-0.0042921350376848195
2018-09-06,-0.004628803720556985
2018-09-07,-0.005032555563538832
2018-09-10,-0.0010863670008522063
2018-09-11,0.0057825749291980704
2018-09-12,-0.0008989530231409582
2018-09-13,0.007660681670413806
2018-09-14,-0.005099497605488068
2018-09-17,-0.008319258673183505
2018-09-18,0.0006575316390235566
2018-09-19,-0.0002438362794779713
2018-09-20,0.006935614883243879
2018-09-21,-0.004900417687432591
2018-09-24,0.0021971779130161018
2018-09-25,0.0014616903880813937
2018-09-26,-0.0017157637774262826
2018-09-27,0.004671895399340986
2018-09-28,0.0014141435160822447
2018-10-01,0.0006334476267710442
2018-10-02,0.00471679378097285
2018-10-03,-0.0015528109686647083
2018-10-04,-0.010303657147801903
2018-10-05,-0.008018925028228274
2018-10-08,-0.00458935880815714
2018-10-09,0.0052266356275422875
2018-10-10,-0.024965686891528983
2018-10-11,-0.001233505627509057
2018-10-12,0.013617748860730928
2018-10-15,-0.006641162113627264
2018-10-16,0.014529954479192943
2018-10-17,-0.001958189886825501
2018-10-18,-0.012176354956883984
2018-10-19,0.002445645616867065
2018-10-22,0.0005627295436727133
2018-10-23,0.0019233965611564763
2018-10-24,-0.020535995195313905
2018-10-25,0.013406352994296622
2018-10-26,-0.010132400721448854
2018-10-29,-0.010302071097655486
2018-10-30,0.005332406239120502
2018-10-31,0.00977356048471938
2018-11-01,0.010524493083161703
2018-11-02,-0.020522271029428208
2018-11-05,-0.004852516910243754
2018-11-06,0.00422973197046277
2018-11-07,0.016638801680041216
2018-11-08,-0.0027913385880422577
2018-11-09,-0.010027103794106297
2018-11-12,-0.020391236872755417
2018-11-13,-0.0022670825213524813
2018-11-14,-0.0068650089227451985
2018-11-15,0.010559823981861793
2018-11-16,0.004649090681856904
2018-11-19,-0.017459213964063913
2018-11-20,-0.017069116726007662
2018-11-21,0.002227618759311856
2018-11-23,-0.007884358642712109
2018-11-26,0.009783063867108676
2018-11-27,-6.050771348995452e-05
2018-11-28,0.01820481970120538
2018-11-29,-0.0012249691601926571
2018-11-30,0.0019790536907771995
2018-12-03,0.015880369195753287
2018-12-04,-0.018870421470608446
2018-12-06,-0.00047769959922767664
2018-12-07,-0.016690889988029416
2018-12-10,0.003906011188701708
2018-12-11,-0.0007121062571567194
2018-12-12,0.002845052203571985
2018-12-13,0.0012531183664841628
2018-12-14,-0.015269687261928056
2018-12-17,-0.007876157945179152
2018-12-18,0.005284795811824417
2018-12-19,-0.012925478082759592
2018-12-20,-0.008982790285598695
2018-12-21,-0.019278858820222223
2018-12-24,-0.012451008018558165
2018-12-26,0.03282659637676702
2018-12-27,0.002548388778367449
2018-12-28,0.002226491007923315
2018-12-31,0.00641976852538413
2019-01-02,0.002420864213741503
2019-01-03,-0.028390472929969678
2019-01-04,0.019376549911433914
2019-01-07,0.003592137508600058
2019-01-08,0.006379364276869648
2019-01-09,0.006890015850508746
2019-01-10,-0.0005579659389209014
2019-01-11,-0.0015051089616997082
2019-01-14,-0.006299365761266707
2019-01-15,0.009122677700554416
2019-01-16,0.00371373636921124
2019-01-17,0.004054369897713795
2019-01-18,0.002998464503497189
2019-01-22,-0.009247838219973038
2019-01-23,0.0011212073553415359
2019-01-24,0.0008010212472629344
2019-01-25,0.012522663803826717
2019-01-28,-0.0053715465678148885
2019-01-29,-0.0021197885431423202
2019-01-30,0.022378815919216602
2019-01-31,0.007964284883128593
2019-02-01,-0.0022665864363118795
2019-02-04,0.007708717869444293
2019-02-05,0.007418381176584443
2019-02-06,-0.00204936973829053
2019-02-07,-0.00664097461854647
2019-02-08,0.002481032484482615
2019-02-11,-0.0030032730005861374
2019-02-12,0.0071179978819111865
2019-02-13,-0.0015951628567237642
2019-02-14,0.0027806134441958003
2019-02-15,0.004062618969542787
2019-02-19,0.004868087592322913
2019-02-20,0.0007300183088925218
2019-02-21,-0.006646186152257183
2019-02-22,0.006838017027057664
2019-02-25,0.0016507524695534848
2019-02-26,0.0015012882570751174
2019-02-27,-0.0032952874681671856
2019-02-28,-0.004619273883553099
2019-03-01,-0.000572794492750273
2019-03-04,0.0013445130455940202
2019-03-05,0.00019333340637777145
2019-03-06,-0.002954656484382312
2019-03-07,-0.005349871146673025
2019-03-08,0.0027887121996631238
2019-03-11,0.012235160222621921
2019-03-12,0.006687947190337695
2019-03-13,0.004715459424378921
2019-03-14,-0.0020289132249892822
2019-03-15,0.007649570377886938
2019-03-18,0.003229586669150475
2019-03-19,-0.0007626235430167939
2019-03-20,0.005302493896028971
2019-03-21,0.012214971073104498
2019-03-22,-0.008962270498432366
2019-03-25,-0.0011177287474501976
2019-03-26,-0.0008016121251118063
2019-03-27,0.00023693003794926807
2019-03-28,-0.0006719676738110359
2019-03-29,0.004055507054742069
2019-04-01,0.002694091350745698
2019-04-02,0.004849661943574279
2019-04-03,0.0007902290532683766
2019-04-04,0.0018759814733926741
2019-04-05,0.003376652628172039
2019-04-08,0.003939951056421709
2019-04-09,-0.0006594063482669554
2019-04-10,0.003970631699162653
2019-04-11,-0.005955106685483536
2019-04-12,0.0005044868203158971
2019-04-15,0.0003900411419716754
2019-04-16,-0.0022187429088418756
2019-04-17,0.0037629553442287468
2019-04-18,0.0025609873035007174
2019-04-22,0.00043115540116493993
2019-04-23,0.0071907099752299255
2019-04-24,0.0008224595362660736
2019-04-25,-0.0012622511986998043
2019-04-26,0.002153034788224328
2019-04-29,-0.001167905809717862
2019-04-30,-0.0037092402361411205
2019-05-01,0.006928981683551072
2019-05-02,-0.004328295312843445
2019-05-03,0.009330683951644225
2019-05-06,-0.0043512449939711925
2019-05-07,-0.010580488600831118
2019-05-08,-0.002105775505208296
2019-05-09,-0.002548871562880262
2019-05-10,-0.0014321181828301558
2019-05-13,-0.020532507009497096
2019-05-14,0.006192888268416574
2019-05-15,0.007465024881747341
2019-05-16,0.0008515063653007355
2019-05-17,-0.005466908608532251
2019-05-20,-0.011515545228226731
2019-05-21,0.006888495600187739
2019-05-22,-0.004700603121932278
2019-05-23,-0.005208341234920422
2019-05-24,-3.091619687367597e-05
2019-05-28,-0.0027925971854744886
2019-05-29,-0.003283399672680343
2019-05-30,0.005483728328061499
2019-05-31,-0.004420232438634918
2019-06-03,-0.002795146187218568
2019-06-04,0.01480510748231998
2019-06-05,0.005785891063682236
2019-06-06,0.007090764593432208
2019-06-07,0.013918660505189263
2019-06-10,0.0018809078138070316
2019-06-11,0.0024098267340469273
2019-06-12,-0.0009614134555840261
2019-06-13,0.0038713814990137163
2019-06-14,-0.002091770275556204
2019-06-17,0.0026899001661316647
2019-06-18,0.011627244391217496
2019-06-19,0.002109911312991919
2019-06-20,0.010854343958837023
2019-06-21,-0.0021573935244076914
2019-06-24,0.003994020861380321
2019-06-25,-0.007482823953407269
2019-06-26,0.001882473447860012
2019-06-27,0.002619505607658557
2019-06-28,-0.00014117232352655056
2019-07-01,0.003743231953987891
2019-07-02,0.008242188705738762
2019-07-03,0.006493158881959449
2019-07-05,-0.005724707792927575
2019-07-08,-0.007694543794039976
2019-07-09,0.0030884662903525317
2019-07-10,0.006932990254929728
2019-07-11,-0.0055230901231974276
2019-07-12,0.005052198439702327
2019-07-15,0.0037249689457143024
2019-07-16,-0.004668198438728677
2019-07-17,0.001934555304006303
2019-07-18,0.006037782850826456
2019-07-19,-0.009030710383164654
2019-07-22,0.006944892788986046
2019-07-23,0.0020589370760257355
2019-07-24,0.004055052034585227
2019-07-25,-0.006827763694683142
2019-07-26,0.004880040202289316
2019-07-29,0.002195347905614576
2019-07-30,-0.001062882946152044
2019-07-31,-0.0019840153705360753
2019-08-01,0.0015596332551886865
2019-08-02,-0.007679753698303849
2019-08-05,-0.017850188759165775
2019-08-06,0.012527508996026438
2019-08-07,0.006342441155968804
2019-08-08,0.013987961872836862
2019-08-09,-0.005975091374467034
2019-08-12,0.0007915969317039644
2019-08-13,0.013835012932015901
2019-08-14,-0.012294485012077151
2019-08-15,0.002837069699189599
2019-08-16,0.007884860711527518
2019-08-19,0.0040115947011607036
2019-08-20,0.0005265827152161504
2019-08-21,0.0035730295817069544
2019-08-22,-0.0027198832843454927
2019-08-23,-0.013960330563974924
2019-08-26,0.008179721071915403
2019-08-27,0.0014848799765471376
2019-08-28,0.003148756372335005
2019-08-29,0.00673389485007716
2019-08-30,-0.0012868334578565845
2019-09-03,-0.0030363238828369
2019-09-04,0.010032071704121216
2019-09-05,0.0015440614450153763
2019-09-06,-0.00035664032400291014
2019-09-09,-0.00379904931580839
2019-09-10,-0.003529932493502841
2019-09-11,0.010399509898682968
2019-09-12,0.00016997508615546042
2019-09-13,-0.01075820302025816
2019-09-16,0.003730071202361174
2019-09-17,0.003667222133718884
2019-09-18,0.0014896035816054365
2019-09-19,9.642857444500672e-05
2019-09-20,-0.001044271879832959
2019-09-23,0.0020223198850569447
2019-09-24,-0.001751677822450759
2019-09-25,-0.0002243283164014894
2019-09-26,-0.0009633782975749129
2019-09-27,-0.00509451138564172
2019-09-30,0.004832872355760466
2019-10-01,-0.0017855883434945595
2019-10-02,-0.00930146181872047
2019-10-03,0.008226912389684583
2019-10-04,0.012612323272020377
2019-10-07,-0.004802683685012177
2019-10-08,-0.006226023204542752
2019-10-09,0.00521383458607696
2019-10-10,0.0008139981599725845
2019-10-11,0.006270164837456172
2019-10-14,0.001713757519481263
2019-10-15,0.00019941549289939083
2019-10-16,-0.00024141094276171067
2019-10-17,0.0016899425983027071
2019-10-18,-0.002063871312821419
2019-10-21,0.004089379305171903
2019-10-22,-0.0009594672136380213
2019-10-23,0.004303307920332955
2019-10-24,0.0036077209506172993
2019-10-25,0.004342863077310888
2019-10-28,0.001525806791975626
2019-10-29,-0.006718384976425007
2019-10-30,0.0055554597011569845
2019-10-31,0.008699227208615845
2019-11-01,0.00881565450993893
2019-11-04,0.000118360066824863
2019-11-05,-0.005923444888467167
2019-11-06,0.0017439361964704857
2019-11-07,-0.0031188005919615238
2019-11-08,-0.0002841835999269904
2019-11-11,0.0005791452311269651
2019-11-12,0.0022699302410591924
2019-11-13,0.004113838068770903
2019-11-14,0.0016377122073677698
2019-11-15,0.004544692789961147
2019-11-18,0.0022660242198607964
2019-11-19,0.0013906396521425892
2019-11-20,-0.0021306306728902766
2019-11-21,-0.004020430093298444
2019-11-22,0.0002775012113623632
2019-11-25,0.006999665661359523
2019-11-26,0.0013924616177449778
2019-11-27,0.0033062666766010555
2019-11-29,-0.0012886199444141159
2019-12-02,-0.008876585355657874
2019-12-03,-0.00045963923230036815
2019-12-04,0.0017176945526681917
2019-12-05,0.002806899984453537
2019-12-06,0.004667769113043008
2019-12-09,-0.0039838896501395386
2019-12-10,0.0013560816063822756
2019-12-11,0.006260655636926949
2019-12-12,-0.00031293332199702176
2019-12-13,0.006671584613969906
2019-12-16,0.004941218400158754
2019-12-17,0.0002320408744717284
2019-12-18,-0.0019479717136546173
2019-12-19,0.0031014635216312313
2019-12-20,0.0017293025155238344
2019-12-23,0.004392764882057244
2019-12-24,0.0027483864215115616
2019-12-26,0.008795258528433613
2019-12-27,-0.00014560007556436717
2019-12-30,-0.001545717734264862
2019-12-31,0.0007276938150818426
2020-01-02,0.013395768577931656
2020-01-03,0.0003781239639598869
2020-01-06,0.004581494804821951
2020-01-07,-0.0017338617369031086
2020-01-08,0.0029198523212389917
2020-01-09,0.006809980847862463
2020-01-10,0.0023352558376007696
2020-01-13,0.005795528360033587
2020-01-14,-0.0029654199260845007
2020-01-15,0.0021596592067094638
2020-01-16,0.005108863961054944
2020-01-17,0.002462528785980034
2020-01-21,0.00046680914359438237
2020-01-22,0.002034142788215831
2020-01-23,0.003676950872463536
2020-01-24,-0.0012771213349818565
2020-01-27,-0.008927966658075805
2020-01-28,0.0073470663222179764
2020-01-29,0.007329641470857773
2020-01-30,0.0011102424296808523
2020-01-31,-0.012959399998023357
2020-02-03,0.0024640994382540533
2020-02-04,0.00871675260988276
2020-02-05,0.002625787665612833
2020-02-06,0.006690762888246483
2020-02-07,-0.0016592968065591409
2020-02-10,0.0059043588184747985
2020-02-11,-0.002529548467650855
2020-02-12,0.006738799610486268
2020-02-13,2.063747978198107e-06
2020-02-14,0.0026487884407112366
2020-02-18,-0.00022266425927615048
2020-02-19,0.006886748663761999
2020-02-20,-0.0023752986475161107
2020-02-21,-0.005686508833856507
2020-02-24,-0.01959142638759275
2020-02-25,-0.021104706605439283
2020-02-26,0.003249088375647702
2020-02-27,-0.030787910113862088
2020-02-28,-0.0037722998605252307
2020-03-02,0.035971120644399515
2020-03-03,-0.009512291100910631
2020-03-04,0.023693646866027505
2020-03-05,-0.010335434485642739
2020-03-06,0.0008122646837197323
2020-03-09,-0.04146228956806973
2020-03-10,0.019814155075290784
2020-03-11,-0.034182960462224445
2020-03-12,-0.06704903564939303
2020-03-13,0.04452791537830674
2020-03-16,-0.06598890701237625
2020-03-17,0.02263457571788319
2020-03-18,-0.03716432360350588
2020-03-19,0.001638015119580772
2020-03-20,-0.012443483049438521
2020-03-23,0.007392515246256704
2020-03-24,0.057104351875167145
2020-03-25,-0.0028309984590805474
2020-03-26,0.035400953982429505
2020-03-27,-0.0175317856741767
2020-03-30,0.01839076486484963
2020-03-31,-0.01323045076868752
2020-04-01,-0.024038825937592635
2020-04-02,0.016408059371885744
2020-04-03,-0.007205586274615784
2020-04-06,0.04848409038618158
2020-04-07,-0.0053868919081137894
2020-04-08,0.012609790608349238
2020-04-09,0.01026822187591545
2020-04-13,0.005766944491552017
2020-04-14,0.02570026056020929
2020-04-15,-0.004230617664285497
2020-04-16,0.008245903458169047
2020-04-17,-0.00211755793581414
2020-04-20,-0.007110350579896618
2020-04-21,-0.018832965287418624
2020-04-22,0.01776030503222259
2020-04-23,0.0018220191913103532
2020-04-24,0.011200054988981202
2020-04-27,-0.0004838371914154041
2020-04-28,-0.006597186455358539
2020-04-29,0.01866425866639965
2020-04-30,-0.0037834417867005157
2020-05-01,-0.011394233854722557
2020-05-04,0.005435681096362899
2020-05-05,0.0066356002451568585
2020-05-06,-0.00392132370129783
2020-05-07,0.01337666301395366
2020-05-08,0.006886247409932267
2020-05-11,0.002125492390448969
2020-05-12,-0.007738472716712151
2020-05-13,-0.005207604424727919
2020-05-14,0.00957191476563395
2020-05-15,0.00163586401496687
2020-05-18,0.00839220133061307
2020-05-19,-0.0010579785808992879
2020-05-20,0.012247771580811317
2020-05-21,-0.007509981277534905
2020-05-22,0.004731529693617099
2020-05-26,-0.005014287128069306
2020-05-27,0.004904366669186189
2020-05-28,-0.0006105553320221446
2020-05-29,0.006493104564787267
2020-06-01,0.003417868021253945
2020-06-02,0.0018819110162162647
2020-06-03,-0.0017618416626786985
2020-06-04,-0.004486286727918731
2020-06-05,0.0090779967100163
2020-06-08,0.008048108818253397
2020-06-09,0.01034275166727401
2020-06-10,0.012135769943564866
2020-06-11,-0.029582759553661655
2020-06-12,0.004029044744377685
2020-06-15,0.006489298226072649
2020-06-16,0.009260721270040052
2020-06-17,0.0007277630125917867
2020-06-18,0.0024099684585751294
2020-06-19,2.94767380527364e-05
2020-06-22,0.010141696605259832
2020-06-23,0.007142907773712004
2020-06-24,-0.011460564044981681
2020-06-25,0.0071205494396823
2020-06-26,-0.012808893384032415
2020-06-29,0.00912233850915687
2020-06-30,0.008003268081269077
2020-07-01,0.002051184026038122
2020-07-02,0.0030906605063233173
2020-07-06,0.013574544483480723
2020-07-07,-2.785628746106931e-05
2020-07-08,0.009183599657364283
2020-07-09,0.004011637864961237
2020-07-10,0.0022152205083262543
2020-07-13,-0.005912737660053047
2020-07-14,0.008486360386960535
2020-07-15,0.002847143831531263
2020-07-16,-0.00545710014227101
2020-07-17,0.001627541708703184
2020-07-20,0.01282884403862088
2020-07-21,-0.0019342686556138135
2020-07-22,0.0060140957166174396
2020-07-23,-0.012931105281609769
2020-07-24,-0.001999900995498827
2020-07-27,0.012843671083366459
2020-07-28,-0.0041063176771860554
2020-07-29,0.009689702150751777
2020-07-30,0.0025628600758848207
2020-07-31,0.026705367297443595
2020-08-03,0.008262851395226001
2020-08-04,0.008951569484305467
2020-08-05,0.002548687730666721
2020-08-06,0.01457436529397107
2020-08-07,-0.011318071242700789
2020-08-10,0.0010367108431651676
2020-08-11,-0.024949925663858608
2020-08-12,0.011513008522958581
2020-08-13,0.006121614050552182
2020-08-14,-0.0020540484879081333
2020-08-17,0.007214672715091197
2020-08-18,0.007225705473625155
2020-08-19,-0.009602647994718615
2020-08-20,0.010944101383377005
2020-08-21,0.011725595603202878
2020-08-24,0.004179124654833189
2020-08-25,-0.0006763580808009094
2020-08-26,0.010500857741681635
2020-08-27,-0.008349753150443107
2020-08-28,0.005275158726895236
2020-08-31,0.009344970667939202
2020-09-01,0.015588670063830357
2020-09-02,-0.0001787130409189432
2020-09-03,-0.03515976949777144
2020-09-04,-0.007473402361941696
2020-09-08,-0.028485947709966375
2020-09-09,0.018917889430592714
2020-09-10,-0.013800733970849244
2020-09-11,-0.003519106790648685
2020-09-14,0.013542215121939274
2020-09-15,0.003168403208079518
2020-09-16,-0.010033993247027341
2020-09-17,-0.008625009859593113
2020-09-18,-0.011692202339249568
2020-09-21,0.0011696847606806667
2020-09-22,0.007697109168947592
2020-09-23,-0.023566187154652595
2020-09-24,0.005011771330522663
2020-09-25,0.014599145315983898
2020-09-28,0.013555569788072576
2020-09-29,-0.0016054129396046333
2020-09-30,0.002737614256947474
2020-10-01,0.008220568235549309
2020-10-02,-0.015104824477149316
2020-10-05,0.010826978324007187
2020-10-06,-0.013573878976380805
2020-10-07,0.008692298044977776
2020-10-08,0.004421968673949195
2020-10-09,0.011822574255485562
2020-10-12,0.021650467001808775
2020-10-13,-0.008437205545361337
2020-10-14,-0.0017145990596382885
2020-10-15,-0.002005656681048862
2020-10-16,-0.00529103445596153
2020-10-19,-0.012187158781330077
2020-10-20,0.0028997433256803262
2020-10-21,-0.0008173157118735121
2020-10-22,-0.0048989521380082834
2020-10-23,0.000847199293430556
2020-10-26,-0.004983935071009959
2020-10-27,0.005404648986776373
2020-10-28,-0.027460805945743696
2020-10-29,0.009983872964736485
2020-10-30,-0.019836325857473015
2020-11-02,0.005933021175585296
2020-11-03,0.009946028602441538
2020-11-04,0.025340178603759256
2020-11-05,0.020878097630800597
2020-11-06,-0.0022712553830759323
2020-11-09,-0.018969633284812205
2020-11-10,-0.005006895287480084
2020-11-11,0.011738479473064169
2020-11-12,0.0012237229790377669
2020-11-13,0.005674432611515101
2020-11-16,0.005279654550082569
2020-11-17,-0.0026664178514709037
2020-11-18,-0.006765832111075199
2020-11-19,0.004080799087745923
2020-11-20,-0.002580232765374646
2020-11-23,-0.009732997674181832
2020-11-24,0.0032030830760986007
2020-11-25,0.0016939308784486686
2020-11-27,0.0032454438512456107
2020-11-30,0.0021068474841705155
2020-12-01,0.01199239328347499
2020-12-02,0.0011678784910719386
2020-12-03,0.0031757447438538478
2020-12-04,-0.0021189207648209417
2020-12-07,0.007913701336523537
2020-12-08,0.003915067463014843
2020-12-09,-0.0147176756555929
2020-12-10,0.0045015969287264925
2020-12-11,-0.0009514470408811704
2020-12-14,-0.0021433740329886318
2020-12-15,0.016695873322790787
2020-12-16,0.0018686635845408972
2020-12-17,0.005369543375778286
2020-12-18,-0.005541083381897849
2020-12-21,0.001528659114805642
2020-12-22,0.005261689631514521
2020-12-23,-0.002291646586997054
2020-12-24,0.004779084626700935
2020-12-28,0.010106480370923876
2020-12-29,-0.002410904568423078
2020-12-30,0.000536248456083044
2020-12-31,0.0009919174087695383
2021-01-04,-0.006429969004972946
2021-01-05,0.004573126706424268
2021-01-06,-0.015869159500268813
2021-01-07,0.012202981005882487
2021-01-08,-0.002197899566414029
2021-01-11,-0.009691824118177728
2021-01-12,0.0005763568507997975
2021-01-13,0.006479680137014654
2021-01-14,-0.006808857969879867
2021-01-15,-0.007524572811901819
2021-01-19,0.007875532178694656
2021-01-20,0.01724036316271782
2021-01-21,0.007442136050682358
2021-01-22,0.0009685878720118168
2021-01-25,0.01041107264496084
2021-01-26,-0.0005570214503306304
2021-01-27,-0.012909291453770066
2021-01-28,-0.005153049475247506
2021-01-29,-0.017212853687294326
2021-02-01,0.013614937805024676
2021-02-02,0.0035659289485399986
2021-02-03,-0.004284561958910693
2021-02-04,0.004809823305052242
2021-02-05,0.0011252375679895012
2021-02-08,0.005874086724833738
2021-02-09,-0.0006944492346239173
2021-02-10,0.0006000104923444384
2021-02-11,-0.0018073563407101647
2021-02-12,-0.0006526712744012286
2021-02-16,-0.00992211997948882
2021-02-17,-0.005493880271514051
2021-02-18,-0.0042871377927419015
2021-02-19,-0.0028293997990616053
2021-02-22,-0.011402828694103207
2021-02-23,-0.001614190997400833
2021-02-24,0.0015631923325338808
2021-02-25,-0.026147621472986413
2021-02-26,0.001857232808155374
2021-03-01,0.018202655683751526
2021-03-02,-0.007922613629830443
2021-03-03,-0.017906484708136716
2021-03-04,-0.012249718031891989
2021-03-05,0.009286589750862717
2021-03-08,-0.01890157711274139
2021-03-09,0.025503141190383265
2021-03-10,0.0002449941095052919
2021-03-11,0.008223974492828747
2021-03-12,-0.007217985530696502
2021-03-15,0.010196824723375287
2021-03-16,0.0027543001820035332
2021-03-17,0.00013012708652375697
2021-03-18,-0.01925287328214367
2021-03-19,0.0015060381989885133
2021-03-22,0.012829215931779459
2021-03-23,-0.0035054386965267526
2021-03-24,-0.0066959382169429205
2021-03-25,-0.0007049806789066085
2021-03-26,0.007067465267763495
2021-03-29,-0.003959631073563231
2021-03-30,-0.006413259002304806
2021-03-31,0.00945651022811873
2021-04-01,0.012717621439877648
2021-04-05,0.010515876106013523
2021-04-06,0.0031880537289456614
2021-04-07,0.0014123534960756247
2021-04-08,0.010616471022166073
2021-04-09,0.004427517855872054
2021-04-12,-0.004156148697786577
2021-04-13,0.01062139676259104
2021-04-14,-0.008210340026460728
2021-04-15,0.015378177956438678
2021-04-16,4.182719816903113e-05
2021-04-19,-0.002941788391877154
2021-04-20,-0.003885753488538768
2021-04-21,0.006547269559932545
2021-04-22,-0.007041481079799716
2021-04-23,0.006996082856748842
2021-04-26,0.002552156154564322
2021-04-27,-0.003658255428563529
2021-04-28,-0.001226136668537947
2021-04-29,0.0004188158541527541
2021-04-30,-0.0058962868103540345
2021-05-03,0.0036981992288167126
2021-05-04,-0.012193608788263078
2021-05-05,0.0009358233368489623
2021-05-06,0.009274300021394132
2021-05-07,0.004931916309784868
2021-05-10,-0.013765325210003
2021-05-11,-0.004657258292967193
2021-05-12,-0.018699949057253737
2021-05-13,0.00860993029806121
2021-05-14,0.015021668416838274
2021-05-17,-0.0016959955998972376
2021-05-18,-0.005470789148923139
2021-05-19,-0.0008990606441383164
2021-05-20,0.012681007230627019
2021-05-21,-0.003518193269993475
2021-05-24,0.00910097040760558
2021-05-25,0.0031679702781808317
2021-05-26,0.00031985139190329184
2021-05-27,-0.00386263385413983
2021-05-28,0.00034981192407936837
2021-06-01,-0.0019561261051869398
2021-06-02,0.003393960767482085
2021-06-03,-0.009988033504949635
2021-06-04,0.013820395536843756
2021-06-07,0.0006011375893715254
2021-06-08,0.002248603174754216
2021-06-09,0.0017374918314878585
2021-06-10,0.0034429687929605993
2021-06-11,0.00022321054997114236
2021-06-14,0.004497544050137847
2021-06-15,-0.003967268440212379
2021-06-16,-0.0046437966284047505
2021-06-17,0.0016893240521541845
2021-06-18,-0.003706987437232634
2021-06-21,0.005940706895247595
2021-06-22,0.00509330981110594
2021-06-23,-0.0012099371823957484
2021-06-24,0.0021784851967103338
2021-06-25,-0.0014132126365760554
2021-06-28,0.007347697779104045
2021-06-29,0.0013390601349216882
2021-06-30,0.002631763119620878
2021-07-01,0.0023336093285918126
2021-07-02,0.010197582963135155
2021-07-06,0.006740446527985533
2021-07-07,0.0072104435827835545
2021-07-08,-0.004044869521639604
2021-07-09,0.003793117507467514
2021-07-12,0.0001443130691868075
2021-07-13,-0.0003877141130955049
2021-07-14,0.009818864481009548
2021-07-15,-0.0007654180551062595
2021-07-16,-0.008364262936941636
2021-07-19,-0.005503339892376858
2021-07-20,0.008087087371449898
2021-07-21,-0.0011727404269050725
2021-07-22,0.005924910221107105
2021-07-23,0.004782662891729394
2021-07-26,0.00015708895334451975
2021-07-27,-0.003676080805125892
2021-07-28,-0.0007494568061025219
2021-07-29,0.003187796500032647
2021-07-30,-0.0023619458099107156
2021-08-02,0.0006581322457469343
2021-08-03,0.005306773773412843
2021-08-04,-0.0007965901177591663
2021-08-05,0.0008626381203855618
2021-08-06,-0.009933918011905619
2021-08-09,-0.004159637431414609
2021-08-10,-0.002314942944776277
2021-08-11,0.0031247221209948607
2021-08-12,0.005151032481832729
2021-08-13,0.007325614115065449
2021-08-16,0.004727768441325964
2021-08-17,-0.004699258368613535
2021-08-18,-0.008475266554688865
2021-08-19,0.002617732657427929
2021-08-20,0.005908144412332739
2021-08-23,0.009049589084432697
2021-08-24,-0.0008493565236648237
2021-08-25,-0.004103064073150975
2021-08-26,-0.002786747114926236
2021-08-27,0.009486215003047072
2021-08-30,0.008633914275044141
2021-08-31,-0.003116570644333727
2021-09-01,0.0016779290354103082
2021-09-02,0.0023492759567362853
2021-09-03,0.0017102285070452086
2021-09-07,-0.0030093672512983
2021-09-08,-0.0021130078094111935
2021-09-09,0.0003957339741475609
2021-09-10,-0.012624783738699998
2021-09-13,0.0030283073610027243
2021-09-14,0.00012036914667614687
2021-09-15,0.002490975739340407
2021-09-16,-0.006001101914105257
2021-09-17,-0.009324300569625521
2021-09-20,-0.007968361818177526
2021-09-21,0.0018982680235566816
2021-09-22,0.007588580683496816
2021-09-23,-0.0013023518448788348
2021-09-24,-0.0015820129889043241
2021-09-27,-0.004617651720820782
2021-09-28,-0.01972305038098945
2021-09-29,0.000744343993388519
2021-09-30,-0.0015311079572835951
2021-10-01,0.007344358238745307
2021-10-04,-0.011397579499291412
2021-10-05,0.00468966243750657
2021-10-06,0.0050235082127858995
2021-10-07,0.0021973728244013557
2021-10-08,-0.0032295800914496913
2021-10-11,-0.004004975874273953
2021-10-12,0.001271298365333884
2021-10-13,0.006927023050461223
2021-10-14,0.012221080605031888
2021-10-15,-0.00010226928732350905
2021-10-18,0.005378770327894422
2021-10-19,0.003901891886352971
2021-10-20,0.0015844443722514256
2021-10-21,0.0016150080853856606
2021-10-22,0.0004555766317487554
2021-10-25,0.004112120546712816
2021-10-26,0.0018832641629684234
2021-10-27,0.0030754324965396765
2021-10-28,0.008340504319337683
2021-10-29,-0.0033761956810815616
2021-11-01,-0.0005021002981891341
2021-11-02,0.003515074865849144
2021-11-03,0.0015320556910488395
2021-11-04,0.007133250096011781
2021-11-05,0.007163494952421523
2021-11-08,-0.0008726095134987234
2021-11-09,0.0020178370674829083
2021-11-10,-0.009977034194078093
2021-11-11,0.0013709662348318828
2021-11-12,0.005942604743598246
2021-11-15,-0.0028008649563702197
2021-11-16,0.0015767436572520668
2021-11-17,0.006288240488058073
2021-11-18,0.008474766649428034
2021-11-19,0.004686116680085739
2021-11-22,-0.009209175466537545
2021-11-23,-0.004815742406075075
2021-11-24,0.004826007991114345
2021-11-26,-0.010109847422954309
2021-11-29,0.009169993177947155
2021-11-30,0.000997700530568045
2021-12-01,-0.0042821147319402906
2021-12-02,0.00238535258860253
2021-12-03,-0.003567275279162452
2021-12-06,0.004947156549016719
2021-12-07,0.01608121664119384
2021-12-08,0.00254792333846563
2021-12-09,-0.00502489916077078
2021-12-10,0.009920982932188594
2021-12-13,-0.005430396820702833
2021-12-14,-0.00742701283063294
2021-12-15,0.012154062560264656
2021-12-16,-0.012510087947878114
2021-12-17,-0.0026200381807212738
2021-12-20,-0.008070724691684461
2021-12-21,0.010882015580930472
2021-12-22,0.010245906668838956
2021-12-23,0.0021773760319307557
2021-12-27,0.0115891338416656
2021-12-28,-0.003907494796693278
2021-12-29,-0.0019300610183496049
2021-12-30,0.0006282539698881707
2021-12-31,-0.0007121759670042138
2022-01-03,-0.00041083395262884233
2022-01-04,-0.00459797339722634
2022-01-05,-0.01720132295080461
2022-01-06,-0.005642297920388551
2022-01-07,-0.003307783799497166
2022-01-10,0.0010043599854100194
2022-01-11,0.011850809359877878
2022-01-12,0.0016050939547387348
2022-01-13,-0.010596472660716928
2022-01-14,-0.0012796847214419317
2022-01-18,-0.015595747444295326
2022-01-19,-0.0040151332155115675
2022-01-20,-0.006191637631615876
2022-01-21,-0.010445038049089563
2022-01-24,0.00023167032921254103
2022-01-25,-0.009122321857414128
2022-01-26,-0.0066215649449308245
2022-01-27,-0.0025609807872967847
2022-01-28,0.024046247582668913
2022-01-31,0.01516859037434859
2022-02-01,0.0020097827989953745
2022-02-02,0.006355888191091631
2022-02-03,-0.018258857775923155
2022-02-04,0.00044710418138382835
2022-02-07,-0.0015024248388629145
2022-02-08,0.006801750468356894
2022-02-09,0.00980639364067617
2022-02-10,-0.016945347783411793
2022-02-11,-0.0077965647386902155
2022-02-14,-0.0015593813525015317
2022-02-15,0.00849672714918235
2022-02-16,0.003123697288900296
2022-02-17,-0.010459920462067809
2022-02-18,-0.003525724166880906
2022-02-22,-0.0068338039196206065
2022-02-23,-0.015886442655864384
2022-02-24,0.011743795912688704
2022-02-25,0.009497735843635093
2022-02-28,0.006808622306286338
2022-03-01,-0.002595481566567592
2022-03-02,0.002001544185200644
2022-03-03,-0.001058551803514263
2022-03-04,-0.0016830384636845612
2022-03-07,-0.01688203916118081
2022-03-08,-0.001426711548080562
2022-03-09,0.011242699988350147
2022-03-10,-0.010922009484704988
2022-03-11,-0.01233282254227568
2022-03-14,-0.018492584068216012
2022-03-15,0.01225058021488028
2022-03-16,0.02059031255934123
2022-03-17,0.005659060177191933
2022-03-18,0.011033466538066427
2022-03-21,-0.0020783108832782555
2022-03-22,0.006302144719109748
2022-03-23,0.0032014958118088185
2022-03-24,0.011748062362078395
2022-03-25,-0.002061898131563744
2022-03-28,0.003521557921511765
2022-03-29,0.011256417788416151
2022-03-30,-0.0016390194983129547
2022-03-31,-0.008621031702909933
2022-04-01,-0.0006762208233119794
2022-04-04,0.010037462736933024
2022-04-05,-0.016685174153162133
2022-04-06,-0.011282001440252641
2022-04-07,0.0010841942537437531
2022-04-08,-0.006675920241563383
2022-04-11,-0.015606561334849901
2022-04-12,0.0019556485108495284
2022-04-13,0.010905998543790398
2022-04-14,-0.017933533719840966
2022-04-18,-0.00040832638643486504
2022-04-19,0.005877577823327762
2022-04-20,0.0016718911318941215
2022-04-21,-0.010364009111666841
2022-04-22,-0.019731259524002988
2022-04-25,0.00341519418871421
2022-04-26,-0.018873305969744257
2022-04-27,-0.004070743911683117
2022-04-28,0.022176714636975528
2022-04-29,-0.026832283368168147
2022-05-02,-0.0023350781711847903
2022-05-03,0.004916294669862608
2022-05-04,0.023742270601598395
2022-05-05,-0.03535886335728815
2022-05-06,-0.005302858945049849
2022-05-09,-0.022406611452041324
2022-05-10,0.006182916530849703
2022-05-11,-0.01442614693592752
2022-05-12,-0.009598831671191022
2022-05-13,0.01368003225171499
2022-05-16,-0.0035993492163830963
2022-05-17,0.010516436962470621
2022-05-18,-0.025586293427066843
2022-05-19,-0.003896767026989068
2022-05-20,0.002210666859949839
2022-05-23,0.012482386078887764
2022-05-24,-0.004304681952100253
2022-05-25,0.004346275081442207
2022-05-26,0.012732668713615069
2022-05-27,0.01985558942687913
2022-05-31,-0.008995020595590653
2022-06-01,-0.0022427529431528373
2022-06-02,0.015060674809580022
2022-06-03,-0.018917184751768446
2022-06-06,-0.002289899843207266
2022-06-07,0.010561469462084895
2022-06-08,-0.006607146509262486
2022-06-09,-0.01754029075789596
2022-06-10,-0.019524899055360125
2022-06-13,-0.03680121915608492
2022-06-14,-0.003056540687296483
2022-06-15,0.01803668691593714
2022-06-16,-0.01924182005601711
2022-06-17,0.004133371165427491
2022-06-21,0.012234454452675615
2022-06-22,0.004799695355351297
2022-06-23,0.009583027050698866
2022-06-24,0.014854317329012726
2022-06-27,-0.004173756878771862
2022-06-28,-0.015765630094887052
2022-06-29,0.005552571554968288
2022-06-30,-0.007236544967103243
2022-07-01,0.008503573673944054
2022-07-05,0.004800792828329925
2022-07-06,-0.002715561324483141
2022-07-07,0.010294302226942876
2022-07-08,-0.0011144726020651421
2022-07-11,-0.007246027051893655
2022-07-12,-0.0019225277360090946
2022-07-13,0.0012618114728120133
2022-07-14,-0.00018614664305971473
2022-07-15,0.010377716201440634
2022-07-18,-0.009435764292776129
2022-07-19,0.01605935507455154
2022-07-20,0.005735765357706945
2022-07-21,0.014101309183394937
2022-07-22,-0.003198423424302988
2022-07-25,-0.004899708199308784
2022-07-26,-0.008206391767654786
2022-07-27,0.021037514990945104
2022-07-28,0.009160271653519559
2022-07-29,0.01297978105381006
2022-08-01,0.003941660692694705
2022-08-02,-0.009255665193641606
2022-08-03,0.019599568208381515
2022-08-04,0.003626234129832895
2022-08-05,-0.009336945274834996
2022-08-08,0.003428083018843609
2022-08-09,-0.0031797208608974614
2022-08-10,0.01302086588194502
2022-08-11,-0.007272120624714163
2022-08-12,0.015303106211107042
2022-08-15,0.0009316115547640888
2022-08-16,0.00021716772187225787
2022-08-17,-0.005366108899812793
2022-08-18,0.00037418446026737934
2022-08-19,-0.014403383831905004
2022-08-22,-0.01620952338856654
2022-08-23,-0.0007664664747803585
2022-08-24,0.0006960407577308205
2022-08-25,0.012651357729247081
2022-08-26,-0.023886660975361098
2022-08-29,-0.007602621196835635
2022-08-30,-0.008711026386833432
2022-08-31,-0.00830456943811413
2022-09-01,-0.003808712134751424
2022-09-02,-0.004825316025657145
2022-09-06,-0.01003502593069303
2022-09-07,0.014565297874100125
2022-09-08,-0.0028618993307654604
2022-09-09,0.012639067566712826
2022-09-12,0.011418946661855323
2022-09-13,-0.03441934379129102
2022-09-14,0.004159098961573626
2022-09-15,-0.013365482031474939
2022-09-16,-0.005529790486609976
2022-09-19,0.008671474983779959
2022-09-20,-0.003949409380594205
2022-09-21,-0.006979083018753052
2022-09-22,-0.010734685722258242
2022-09-23,-0.012380589211387872
2022-09-26,-0.00856551618134862
2022-09-27,-0.0040492871341244905
2022-09-28,0.015991320544704025
2022-09-29,-0.02122222736671695
2022-09-30,-0.015223177868039528
2022-10-03,0.023864060831858325
2022-10-04,0.019640568639991154
2022-10-05,-0.0031945330454453474
2022-10-06,-0.006324361517349075
2022-10-07,-0.025065580412138466
2022-10-10,-0.009268892350745971
2022-10-11,-0.005627727589779497
2022-10-12,0.00039348877237053146
2022-10-13,0.013146038842274343
2022-10-14,-0.021432668314364814
2022-10-17,0.016911552991088638
2022-10-18,0.006682720311436618
2022-10-19,-0.008372373925064024
2022-10-20,-0.007126601743421546
2022-10-21,0.014674227739640954
2022-10-24,0.0052500226513855
2022-10-25,0.017288364971704873
2022-10-26,-0.005816097974412493
2022-10-27,-0.00916013484647902
2022-10-28,0.021865508342418676
2022-10-31,-0.009964903326832975
2022-11-01,-0.0025800435083230154
2022-11-02,-0.021931968366684096
2022-11-03,-0.01652678258072804
2022-11-04,0.008317917578792945
2022-11-07,0.0020704927113873953
2022-11-08,0.01010403582085324
2022-11-09,-0.015933092398462988
2022-11-10,0.05553388577950234
2022-11-11,0.009977864970166018
2022-11-14,-0.0054266471407030895
2022-11-15,0.01071958138370359
2022-11-16,-0.002086803250232628
2022-11-17,-0.002057721863758566
2022-11-18,-0.0010957770623104325
2022-11-21,-0.007460155652005085
2022-11-22,0.011497252449314212
2022-11-23,0.009136363584564934
2022-11-25,-0.005829961533804884
2022-11-28,-0.012520652416869638
2022-11-29,-0.007511864905752042
2022-11-30,0.028614050513116676
2022-12-01,0.010408780433320608
2022-12-02,0.00010266200930235674
2022-12-05,-0.014901579066082249
2022-12-06,-0.009124750882064348
2022-12-07,0.002522618974571955
2022-12-08,0.005945048089099281
2022-12-09,-0.008031305964343182
2022-12-12,0.007588359870550044
2022-12-13,0.01030799404884686
2022-12-14,-0.005537388894648743
2022-12-15,-0.023901360152119012
2022-12-16,-0.00774106758766866
2022-12-19,-0.01169522718412086
2022-12-20,-0.00027972948782775166
2022-12-21,0.010725390585951011
2022-12-22,-0.015109916537388024
2022-12-23,-0.0013190173984019894
2022-12-27,-0.00874845244256406
2022-12-28,-0.013477440839707634
2022-12-29,0.01734464641771645
2022-12-30,-0.001458190384720481
2023-01-03,-0.004376779944217724
2023-01-04,0.009135937455165789
2023-01-05,-0.00925526614500747
2023-01-06,0.024559615535090985
2023-01-09,0.003503695231520787
2023-01-10,0.00136894374617853
2023-01-11,0.013209306170327475
2023-01-12,0.00788347781294565
2023-01-13,0.004662141768708673
2023-01-17,-0.000827972137241062
2023-01-18,-0.002663361004135823
2023-01-19,-0.0014542288876658203
2023-01-20,0.008961886458815904
2023-01-23,0.010860893853461385
2023-01-24,0.004956916109191134
2023-01-25,9.129823050830761e-05
2023-01-26,0.0062351890591509475
2023-01-27,0.004374077171103253
2023-01-30,-0.01191313672122778
2023-01-31,0.010008767074608117
2023-02-01,0.012813476827700933
2023-02-02,0.01328566501000932
2023-02-03,-0.008970822695641268
2023-02-06,-0.007615067569857104
2023-02-07,0.009084980908199114
2023-02-08,-0.007906110529658861
2023-02-09,-0.00839633140746834
2023-02-10,-0.0022296138343266486
2023-02-13,0.009896534333730323
2023-02-14,0.00022316037752787574
2023-02-15,0.001059681369368093
2023-02-16,-0.01167602405142425
2023-02-17,-0.0012857402964881358
2023-02-21,-0.018927839518108946
2023-02-22,0.0011481701292321844
2023-02-23,0.005296060397092717
2023-02-24,-0.013220386931727645
2023-02-27,0.005086253825763088
2023-02-28,0.00012568448019276688
2023-03-01,-0.006261849686577926
2023-03-02,0.00212341522796784
2023-03-03,0.02109302484197606
2023-03-06,0.001471166273800506
2023-03-07,-0.010782558565637148
2023-03-08,0.003092580955395974
2023-03-09,-0.0077747183138795264
2023-03-10,0.002516993740580097
2023-03-13,0.00882014271303273
2023-03-14,0.006143859603710489
2023-03-15,0.005695330983864011
2023-03-16,0.011219644306176413
2023-03-17,0.0043267910751126236
2023-03-20,0.004004443329906593
2023-03-21,0.0022829418279725288
2023-03-22,-0.001981455119975628
2023-03-23,0.006778662335882758
2023-03-24,0.00227797526771365
2023-03-27,-0.010089476999339375
2023-03-28,-0.00031723748398917453
2023-03-29,0.009022715501088642
2023-03-30,0.0077380144856343605
2023-03-31,0.01113147364301934
2023-04-03,0.004182459383222082
2023-04-04,0.00224631193101601
2023-04-05,-0.0028592236155468246
2023-04-06,0.002303523696308574
2023-04-10,-0.0078650092782091
2023-04-11,-0.0010862211217380845
2023-04-12,-0.0026950137803705585
2023-04-13,0.014331681622966032
2023-04-14,-0.006700274406597551
2023-04-17,-0.002376093179513461
2023-04-18,0.003124326614571693
2023-04-19,0.00011092788904321104
2023-04-20,-0.0013091746038453426
2023-04-21,-0.004716360881205084
2023-04-24,0.0026990916563777393
2023-04-25,-0.004970998534099458
2023-04-26,-0.0028853763268383405
2023-04-27,0.012924457583351236
2023-04-28,0.007831844313563785
2023-05-01,-0.007289721554974804
2023-05-02,0.003490753544314984
2023-05-03,-0.0011862984539259716
2023-05-04,-0.004705360815048998
2023-05-05,0.013226231562133428
2023-05-08,-0.002109940807951816
2023-05-09,-0.0034585838909174885
2023-05-10,0.006815917913202086
2023-05-11,0.0008999804802765963
2023-05-12,-0.004090520865108616
2023-05-15,-0.0004659472115958964
2023-05-16,-0.004232071118003234
2023-05-17,0.004261202959304277
2023-05-18,0.004213915150993586
2023-05-19,-6.607894846926134e-05
2023-05-22,-0.0015297643018495678
2023-05-23,-0.007047995733408286
2023-05-24,-0.00476918424780699
2023-05-25,0.005435946772126599
2023-05-26,0.01282719259356835
2023-05-30,0.006324322533959759
2023-05-31,-0.0002657835651834973
2023-06-01,0.009724134771369287
2023-06-02,0.00014355503779608404
2023-06-05,-0.000935247093243774
2023-06-06,0.0013835222371245239
2023-06-07,-0.011079792851202086
2023-06-08,0.011693551519588041
2023-06-09,0.0007409562240521695
2023-06-12,0.008672867404471063
2023-06-13,-0.0011427284473718657
2023-06-14,0.004088345604301225
2023-06-15,0.010373887010314498
2023-06-16,-0.004206646343046217
2023-06-20,-0.00193123923227585
2023-06-21,-0.004716098285720527
2023-06-22,0.0019225902077140587
2023-06-23,-0.0013181536067195408
2023-06-26,-0.004473872158191838
2023-06-27,0.0071360561623942335
2023-06-28,0.0021415413048256234
2023-06-29,-0.0031123842577693854
2023-06-30,0.01364821470077118
2023-07-03,-0.0017754170394681525
2023-07-05,-0.004097579401362417
2023-07-06,-0.006045926104231292
2023-07-07,-0.0020652939708949
2023-07-10,-0.0011930845076436828
2023-07-11,0.003466158713583134
2023-07-12,0.010806080465091305
2023-07-13,0.007992675789190606
2023-07-14,-0.0018290259217458526
2023-07-17,0.00622577072571211
2023-07-18,0.006025899520930267
2023-07-19,0.004086320349407834
2023-07-20,-0.011483905499526338
2023-07-21,-0.0023917736566694717
2023-07-24,0.0004659901419282519
2023-07-25,0.0035321930858803093
2023-07-26,0.0014422843897179405
2023-07-27,-0.010224552794581144
2023-07-28,0.010856646530124615
2023-07-31,0.0021354860210774265
2023-08-01,-0.007282862608434294
2023-08-02,-0.0134683616968319
2023-08-03,-0.007099751455464798
2023-08-04,-0.007453122590761474
2023-08-07,-0.0024902370710055523
2023-08-08,-0.00048283402485900257
2023-08-09,-0.005273791769631586
2023-08-10,-0.003339843451267832
2023-08-11,-0.0017890918841731108
2023-08-14,0.0041528447211259594
2023-08-15,-0.00848422070058934
2023-08-16,-0.007325956606043072
2023-08-17,-0.007820938567348536
2023-08-18,0.0011468517253964805
2023-08-21,0.003897805304839075
2023-08-22,0.002604883782562695
2023-08-23,0.01660439470476973
2023-08-24,-0.013784695145610117
2023-08-25,0.00585552246285701
2023-08-28,0.005308845021474085
2023-08-29,0.015516961695968412
2023-08-30,0.006024486775578097
2023-08-31,0.0010991013139982188
2023-09-01,-0.0011937381746331968
2023-09-05,-0.004822326621435381
2023-09-06,-0.010825979253949746
2023-09-07,-0.007220067130811714
2023-09-08,0.0021092590643958077
2023-09-11,0.0038978539904633183
2023-09-12,-0.006656333309883778
2023-09-13,-0.0018967836250203263
2023-09-14,0.0037476198691628326
2023-09-15,-0.006617273477376529
2023-09-18,0.005991089866574662
2023-09-19,-0.0012806505927489553
2023-09-20,-0.008020196249900913
2023-09-21,-0.015474809076117247
2023-09-22,0.0028066614750590804
2023-09-25,-0.0027585248589439004
2023-09-26,-0.013022432980520549
2023-09-27,-0.004766260807534728
2023-09-28,0.0027351109059022606
2023-09-29,-0.0017755984251101257
2023-10-02,-0.0009591712705557141
2023-10-03,-0.012724249431159507
2023-10-04,0.00838907287161348
2023-10-05,-0.0005974396909824266
2023-10-06,0.007202190193531877
2023-10-09,0.012260318918115588
2023-10-10,0.0008586295651813458
2023-10-11,0.00940370456439421
2023-10-12,-0.007020960072731163
2023-10-13,0.004277499111256234
2023-10-16,-2.3888266270155866e-05
2023-10-17,-0.004276024849858829
2023-10-18,-0.005702152152953132
2023-10-19,-0.005775221392728724
2023-10-20,-0.006763680657766181
2023-10-23,0.0021062291943971805
2023-10-24,0.00654279123767374
2023-10-25,-0.01422662159116115
2023-10-26,-0.00788245800610099
2023-10-27,0.00309783785607447
2023-10-30,0.005029378203902368
2023-10-31,0.0006963167811948168
2023-11-01,0.012935186760001292
2023-11-02,0.01666297837312989
2023-11-03,0.005191111706088592
2023-11-06,0.0006597692028933008
2023-11-07,0.007417052058288576
2023-11-08,0.0028231977890783356
2023-11-09,-0.0074953896993720905
2023-11-10,0.011057366587395555
2023-11-13,-0.0018836047355923924
2023-11-14,0.017198344778671347
2023-11-15,-0.002173823787889617
2023-11-16,0.006930449491471791
2023-11-17,0.0011874862811506405
2023-11-20,0.0066919503456043476
2023-11-21,-0.0003899062636943287
2023-11-22,0.00214048201946202
2023-11-24,-0.0028963307090119628
2023-11-27,0.003931458095096297
2023-11-28,0.004405892427635827
2023-11-29,0.0013737442774161227
2023-11-30,-0.0022649334322837333
2023-12-01,0.010260055633518308
2023-12-04,-0.009987351354000574
2023-12-05,0.008125306726475401
2023-12-06,0.00027362744650076803
2023-12-07,0.005492115930493214
2023-12-08,-0.0011049965118305138
2023-12-11,-0.002769141165681077
2023-12-12,0.004559464119062007
2023-12-13,0.01767792926691243
2023-12-14,0.00692403136069153
2023-12-15,-0.0015307940955420207
2023-12-18,-2.3082358270798886e-05
2023-12-19,0.005733827476576891
2023-12-20,-0.007681068005778436
2023-12-21,0.004186565213111138
2023-12-22,-0.0004389354530012213
2023-12-26,0.003580516292473313
2023-12-27,0.00529002987019993
2023-12-28,-0.0022013535695995404
2023-12-29,-0.004660797023757013
2024-01-02,-0.013451898557281084
2024-01-03,-0.006112789055245571
2024-01-04,-0.007094845469182154
2024-01-05,-0.0021841676548259416
2024-01-08,0.01209807235482856
2024-01-09,-0.0015775575263964115
2024-01-10,0.0022180931898111217
2024-01-11,0.0011961933263657798
2024-01-12,0.002152342381625161
2024-01-16,-0.008694520368488945
2024-01-17,-0.005815564099792249
2024-01-18,0.010771886601782478
2024-01-19,0.010723484235320413
2024-01-22,0.003531254072666457
2024-01-23,0.0019240653511916506
2024-01-24,-0.0022039191357286826
2024-01-25,0.0030844538791569677
2024-01-26,-0.0037825265485439633
2024-01-29,0.00659364626997494
2024-01-30,-0.0032962264634461393
2024-01-31,-0.009350032041327871
2024-02-01,0.013547092611158718
2024-02-02,-0.0020045479225819555
2024-02-05,-0.004217001732808434
2024-02-06,0.004884375694548382
2024-02-07,0.002801511110166999
2024-02-08,-0.0020425773620313947
2024-02-09,0.002747373448997692
2024-02-12,-0.0029691637225415235
2024-02-13,-0.014419018854487752
2024-02-14,0.003908654363609366
2024-02-15,0.004026536150288429
2024-02-16,-0.00494325260724402
2024-02-20,-0.002062353644717341
2024-02-21,-0.0012015427855775586
2024-02-22,0.013163437180268469
2024-02-23,0.001317744333117155
2024-02-26,-0.00337829013772879
2024-02-27,0.0008399066556671998
2024-02-28,-0.0010346248518713352
2024-02-29,0.004118235943751181
2024-03-01,0.008637230374097448
2024-03-04,-0.003668288002978315
2024-03-05,-0.007373374161844204
2024-03-06,0.0038911502461536074
2024-03-07,0.005792308577452233
2024-03-08,-0.0007465319893459107
2024-03-11,0.0016985654931769294
2024-03-12,0.0016620866507029318
2024-03-13,-0.003871664622208826
2024-03-14,-0.0026590091626323086
2024-03-15,-0.004913892887050686
2024-03-18,0.004070798064362613
2024-03-19,0.004635100017672046
2024-03-20,0.009422817189076406
2024-03-21,-0.006516776308417606
2024-03-22,0.001200799851668677
2024-03-25,-0.0033123640210853014
2024-03-26,-0.0011563065111744209
2024-03-27,0.009968669883870972
2024-03-28,-0.0001356955565251284
2024-04-01,-0.0033558211991023155
2024-04-02,-0.002586209865386912
2024-04-03,0.0033284934352058927
2024-04-04,-0.006239759182544802
2024-04-05,0.005910408957724833
2024-04-08,5.3709457450601145e-05
2024-04-09,0.005361197791154381
2024-04-10,-0.012315109108883605
2024-04-11,0.01608273290663398
2024-04-12,-0.005875478188112028
2024-04-15,-0.009676476918112267
2024-04-16,-0.005304723965647008
2024-04-17,-0.0045502596783670414
2024-04-18,-0.003031459956260818
2024-04-19,-0.007047543939835777
2024-04-22,-0.0004890856170945317
2024-04-23,0.006171231450976046
2024-04-24,0.0013132921283684597
2024-04-25,-0.0009212860941197217
2024-04-26,0.0059455179237597015
2024-04-29,0.0076821745961167314
2024-04-30,-0.016432159109187695
2024-05-01,-4.1785732725685594e-05
2024-05-02,0.008994973615455138
2024-05-03,0.019916817808180023
2024-05-06,0.005274203751760708
2024-05-07,0.0013041255673469367
2024-05-08,-0.001531346470021511
2024-05-09,0.007682208513103283
2024-05-10,-0.00016697228545101703
2024-05-13,0.0022428299690004042
2024-05-14,0.0062397677401271785
2024-05-15,0.013254502061108297
2024-05-16,-0.001667836110774168
2024-05-17,0.0021419293772979133
2024-05-20,0.0030600784153508092
2024-05-21,0.002982354968499301
2024-05-22,-0.005598517451501195
2024-05-23,-0.011944709020081845
2024-05-24,0.007268917800475983
2024-05-28,0.00010815407154929381
2024-05-29,-0.006809179454772441
2024-05-30,-0.00013437316917759242
2024-05-31,0.0026192869585562662
2024-06-03,0.008061942900920195
2024-06-04,0.00161869185543555
2024-06-05,0.011730372558966098
2024-06-06,-0.0003245058016366543
2024-06-07,-0.008927427153506607
2024-06-10,-0.0019559593331425875
2024-06-11,0.0185035286553914
2024-06-12,0.011902719648205462
2024-06-13,0.003860488377000415
2024-06-14,0.0037660474923342244
2024-06-17,0.004879815344920146
2024-06-18,0.0009868616238902562
2024-06-20,-0.005296249135028042
2024-06-21,-0.006027679401644193
2024-06-24,-0.0007184636596756275
2024-06-25,0.0032784134699944904
2024-06-26,-0.0001105729006637187
2024-06-27,0.00467368333706677
2024-06-28,-0.008844576309780906
2024-07-01,0.004356918283051492
2024-07-02,0.00819408761924656
2024-07-03,0.008561405265377431
2024-07-05,0.011830902811254162
2024-07-08,-5.499740033076961e-05
2024-07-09,0.0005737581038985696
2024-07-10,0.009127331671944105
2024-07-11,-0.00541653703180831
2024-07-12,0.00575029330145842
2024-07-15,0.0027387523913995795
2024-07-16,0.0083648927214929
2024-07-17,-0.014795532192572482
2024-07-18,-0.009456396695753887
2024-07-19,-0.007797721236392441
2024-07-22,0.004177898909548717
2024-07-23,0.0003365988014730092
2024-07-24,-0.020601319565727395
2024-07-25,-0.005747209033573952
2024-07-26,0.008350479552600022
2024-07-29,0.0015669568545231276
2024-07-30,-0.000512775447717928
2024-07-31,0.017658658622439385
2024-08-01,-0.010107135814513234
2024-08-02,-0.0014378910542069087
2024-08-05,-0.023337540609959365
2024-08-06,-0.00435281597772672
2024-08-07,-0.002583904963134743
2024-08-08,0.015775740415244856
2024-08-09,0.007103291126713174
2024-08-12,0.006082021805637794
2024-08-13,0.012649254093626184
2024-08-14,0.0007134707230516571
2024-08-15,0.010083031485220495
2024-08-16,0.007012381519579592
2024-08-19,0.004965207738996647
2024-08-20,0.0021225990743408475
2024-08-21,0.0013742699301747764
2024-08-22,-0.010835606275957766
2024-08-23,0.009920955662128961
2024-08-26,-0.002000890512541176
2024-08-27,0.0018117492382335955
2024-08-28,-0.00645754978425579
2024-08-29,0.002995679695724718
2024-08-30,6.766214788278698e-06
2024-09-03,-0.013463451179369914
2024-09-04,2.1702565492098857e-05
2024-09-05,0.003867983749323578
2024-09-06,-0.011739368802574292
2024-09-09,0.006565191389399772
2024-09-10,0.004257724499025706
2024-09-11,0.008164256212904775
2024-09-12,0.006276571422974264
2024-09-13,0.0042107092144362925
2024-09-16,-0.004416674949170307
2024-09-17,-0.0014574057066548461
2024-09-18,-0.001938542860660242
2024-09-19,0.01807751141442431
2024-09-20,0.00044551126749166044
2024-09-23,-0.0005308347750881738
2024-09-24,0.005061014617855442
2024-09-25,-0.0030838074988679414
2024-09-26,0.0047863618093476395
2024-09-27,-0.0017236333585952223
2024-09-30,0.0033021399495043015
2024-10-01,-0.006994710937892102
2024-10-02,-0.0007817017190919983
2024-10-03,-0.0035282605991550755
2024-10-04,0.002298755886064363
2024-10-07,-0.010719408264967357
2024-10-08,0.007352167541442789
2024-10-09,0.004027679121185557
2024-10-10,-0.00033548992108585197
2024-10-11,0.0015625503800130508
2024-10-14,0.006392608318365767
2024-10-15,0.0010507437529833292
2024-10-16,0.0009525242993317922
2024-10-17,-0.0015251814801919392
2024-10-18,0.006776450152519864
2024-10-21,-0.002254055541849098
2024-10-22,0.0019275390181931586
2024-10-23,-0.012263483230692176
2024-10-24,0.0046929508571000875
2024-10-25,0.0011586028004192173
2024-10-28,0.0018265923694260168
2024-10-29,0.004938902121354616
2024-10-30,-0.00351834602046619
2024-10-31,-0.015546944966671285
2024-11-01,-0.0040189535958152335
2024-11-04,0.0015416639274155486
2024-11-05,0.007742081583742611
2024-11-06,-0.0021076935079580752
2024-11-07,0.014573905453919168
2024-11-08,0.002025962736929898
2024-11-11,-0.008072287465283524
2024-11-12,-0.00573967336543948
2024-11-13,-0.003300894376559427
2024-11-14,0.0006825481470359657
2024-11-15,-0.01112991460259316
2024-11-18,0.008992360439418513
2024-11-19,0.0051296598340506705
2024-11-20,0.0010651474034467868
2024-11-21,0.00287536368732777
2024-11-22,0.0047901182213630385
2024-11-25,0.00271799987697463
2024-11-26,0.003594001519925882
2024-11-27,-0.00047347346115191854
2024-11-29,0.008792322827487275
2024-12-02,0.0031408050818937387
2024-12-03,0.0019121104096162967
2024-12-04,0.006735562864703404
2024-12-05,-0.0019412736459901937
2024-12-06,0.002367116649202927
2024-12-09,0.0007205098882149489
2024-12-10,0.001192136216606876
2024-12-11,0.004050976604014166
2024-12-12,-0.006537762455307574
2024-12-13,-0.002863248510219663
2024-12-16,0.007124172791695216
2024-12-17,-5.708578184382418e-05
2024-12-18,-0.024121870348540318
2024-12-19,-0.0023234760564553977
2024-12-20,0.011066630280090984
2024-12-23,0.0009583537371884888
2024-12-24,0.008428954130195088
2024-12-26,0.001743418626059068
2024-12-27,-0.01048440410311553
2024-12-30,-0.006681704295808899
2024-12-31,-0.0036824073590272736
